ProblemName,Seed,T_Default,T_VIA,T_VILCP,T_Achterberg2013,T_VILCP',T_All,N_Default,N_VIA,N_VILCP,N_Achterberg2013,N_VILCP',N_All,T_presolve_VIA,T_presolve_VILCP,Rows_Default,Rows_VIA,Rows_VILCP,Rows_Achterberg2013,Rows_VILCP',Rows_All,Cols_Default,Cols_VIA,Cols_VILCP,Cols_Achterberg2013,Cols_VILCP',Cols_All,Nnz_Default,Nnz_VIA,Nnz_VILCP,Nnz_Achterberg2013,Nnz_VILCP',Nnz_All
30n20b8,1,242.92,246.77,418.13,347.07,223.39,422.69,1858,1858,3342,3469,3922,3342,0.59,0.68,491,491,489,489,489,489,4748,4748,4730,4735,4730,4730,42941,42941,42776,42815,42776,42776
30n20b8,2,320.12,315.04,156.13,624.32,283.30,154.16,1985,1985,1372,8783,3013,1372,0.33,0.80,491,491,489,489,489,489,4736,4736,4700,4711,4700,4700,42839,42839,42483,42577,42483,42483
30n20b8,3,1222.02,1203.27,282.34,197.69,337.79,284.25,9884,9884,2582,2117,3379,2582,0.28,0.62,490,490,488,488,488,488,4761,4761,4744,4746,4744,4744,43049,43049,42891,42906,42891,42891
30n20b8,4,472.53,474.20,171.30,134.89,198.02,169.89,2846,2846,1268,1994,1667,1268,0.28,0.86,490,490,488,488,488,488,4741,4741,4695,4717,4695,4695,42892,42892,42472,42673,42472,42472
30n20b8,5,1416.80,1407.20,338.52,124.61,337.12,344.92,8895,8895,3151,1851,2865,3151,1.10,0.67,491,491,489,489,489,489,4762,4762,4736,4745,4736,4736,43098,43098,42852,42930,42852,42852
50v-10,1,7200.01,7200.05,7200.01,7200.01,7200.03,7200.04,292212,291170,293068,291604,293257,294289,0.01,0.75,233,233,233,233,233,233,2013,2013,2013,2013,2013,2013,2745,2745,2745,2745,2745,2745
50v-10,2,7200.01,7200.04,7200.01,7200.00,7200.02,7200.01,258479,263951,295602,295306,300028,299750,0.02,1.36,233,233,233,233,233,233,2013,2013,2013,2013,2013,2013,2745,2745,2745,2745,2745,2745
50v-10,3,7200.05,7200.00,7200.00,7200.00,7200.00,7200.01,305314,304452,300508,302790,303427,305312,0.02,0.89,233,233,233,233,233,233,2013,2013,2013,2013,2013,2013,2745,2745,2745,2745,2745,2745
50v-10,4,7200.00,7200.04,7200.00,7200.04,7200.02,7200.01,300920,296116,301859,295300,299243,298792,0.03,1.18,233,233,233,233,233,233,2013,2013,2013,2013,2013,2013,2745,2745,2745,2745,2745,2745
50v-10,5,7200.01,7200.00,7200.03,7200.04,7200.03,7200.01,353365,354179,347806,353127,350007,351908,0.02,0.79,233,233,233,233,233,233,2013,2013,2013,2013,2013,2013,2745,2745,2745,2745,2745,2745
CMS750_4,1,1402.94,1376.57,1387.90,1403.99,1409.79,1367.15,34043,34043,34043,34043,34043,34043,0.01,0.24,12825,12825,12825,12825,12825,12825,9895,9895,9895,9895,9895,9895,37743,37743,37743,37743,37743,37743
CMS750_4,2,1437.10,1436.09,1447.99,1452.86,1467.82,1445.99,29954,29954,29954,29954,29954,29954,0.01,0.20,12825,12825,12825,12825,12825,12825,9895,9895,9895,9895,9895,9895,37743,37743,37743,37743,37743,37743
CMS750_4,3,2292.50,2323.04,2306.06,2241.51,2321.90,2300.22,70126,70126,70126,70126,70126,70126,0.01,0.24,12825,12825,12825,12825,12825,12825,9895,9895,9895,9895,9895,9895,37743,37743,37743,37743,37743,37743
CMS750_4,4,2219.51,2253.58,2234.90,2293.76,2261.79,2291.32,55077,55077,55077,55077,55077,55077,0.01,0.25,12825,12825,12825,12825,12825,12825,9895,9895,9895,9895,9895,9895,37743,37743,37743,37743,37743,37743
CMS750_4,5,2252.96,2220.93,2224.02,2199.70,2185.46,2293.37,70615,70615,70615,70615,70615,70615,0.01,0.30,12825,12825,12825,12825,12825,12825,9895,9895,9895,9895,9895,9895,37743,37743,37743,37743,37743,37743
academictimetablesmall,1,6414.41,6451.56,4646.51,7200.02,7200.07,4593.63,5937,5937,6263,9341,9222,6263,0.19,2.65,15727,15727,15688,15688,15688,15688,24280,24280,24255,24255,24255,24255,220611,220611,220396,220396,220396,220396
academictimetablesmall,2,7200.09,7200.04,7200.05,3594.70,3567.67,7200.01,10519,10097,8007,4661,4661,7974,0.24,3.57,15722,15722,15683,15683,15683,15683,24280,24280,24255,24255,24255,24255,221713,221713,221498,221498,221498,221498
academictimetablesmall,3,7200.17,7200.20,7200.09,7200.02,7200.03,7200.03,9111,9340,9279,8301,8202,9680,0.20,2.71,15724,15724,15685,15685,15685,15685,24280,24280,24255,24255,24255,24255,220805,220805,220590,220590,220590,220590
academictimetablesmall,4,6713.34,6874.12,7200.11,7200.04,7200.20,7200.09,8407,8407,10993,6370,6422,10982,0.16,4.42,15725,15725,15686,15686,15686,15686,24280,24280,24255,24255,24255,24255,220237,220237,220022,220022,220022,220022
academictimetablesmall,5,7200.05,7200.03,7200.02,7200.09,7200.07,7200.19,7446,7465,6621,9262,9239,6510,0.16,2.69,15725,15725,15686,15686,15686,15686,24280,24280,24255,24255,24255,24255,220201,220201,219986,219986,219986,219986
air05,1,36.60,37.09,35.49,37.02,36.87,35.51,91,91,21,91,91,21,0.05,0.58,334,334,334,334,334,334,6108,6108,6108,6108,6108,6108,35983,35983,35983,35983,35983,35983
air05,2,40.17,39.83,36.29,40.73,40.69,36.41,27,27,33,27,27,33,0.04,0.57,334,334,334,334,334,334,6110,6110,6110,6110,6110,6110,35996,35996,35996,35996,35996,35996
air05,3,36.90,36.56,38.70,37.59,37.37,38.90,37,37,33,37,37,33,0.05,0.60,334,334,334,334,334,334,6105,6105,6105,6105,6105,6105,35961,35961,35961,35961,35961,35961
air05,4,38.51,38.22,38.45,38.77,38.38,38.89,28,28,13,28,28,13,0.04,0.76,334,334,334,334,334,334,6105,6105,6105,6105,6105,6105,35961,35961,35961,35961,35961,35961
air05,5,41.93,41.35,32.21,42.21,42.21,32.17,35,35,5,35,35,5,0.05,0.54,335,335,335,335,335,335,6110,6110,6110,6110,6110,6110,35981,35981,35981,35981,35981,35981
app1-1,1,28.89,28.81,24.49,29.11,29.35,24.54,5030,5030,4573,5030,5030,4573,0.00,0.19,3242,3242,3242,3242,3242,3242,1059,1059,1059,1059,1059,1059,19029,19029,19029,19029,19029,19029
app1-1,2,27.48,27.07,29.20,27.36,20.05,29.50,3766,3766,3515,3766,2397,3515,0.00,0.12,3496,3496,3492,3496,3492,3492,1195,1195,1191,1195,1191,1191,20688,20688,20657,20688,20657,20657
app1-1,3,24.81,25.68,20.73,26.73,29.17,20.83,4155,4155,2731,4155,5064,2731,0.00,0.13,3242,3242,3242,3242,3242,3242,1059,1059,1059,1059,1059,1059,19029,19029,19029,19029,19029,19029
app1-1,4,31.35,32.04,24.47,32.81,22.72,25.29,3807,3807,2750,3807,3879,2750,0.00,0.17,3507,3507,3503,3507,3503,3503,1200,1200,1196,1200,1196,1196,20759,20759,20728,20759,20728,20728
app1-1,5,18.47,17.71,25.39,18.09,18.53,25.19,3194,3194,4578,3194,3194,4578,0.00,0.21,3314,3314,3314,3314,3314,3314,1059,1059,1059,1059,1059,1059,19389,19389,19389,19389,19389,19389
app1-2,1,4062.41,4126.30,3852.24,4394.16,2652.90,3922.50,69871,69871,79376,82240,38494,79376,0.08,80.30,34786,34786,34786,34786,34786,34786,11267,11267,11267,11267,11267,11267,206105,206105,206105,206105,206105,206105
app1-2,2,6136.37,5749.82,3482.17,4102.80,3947.00,2694.05,105766,105282,56737,63962,61597,43274,0.12,79.27,34784,34784,34784,34784,34784,34784,11266,11266,11266,11266,11266,11266,206092,206092,206092,206092,206092,206092
app1-2,3,3905.94,4262.34,2250.00,7200.07,4606.53,2114.40,66909,73650,33573,73488,97159,33573,0.06,56.26,34784,34784,34784,34784,34784,34784,11266,11266,11266,11266,11266,11266,206092,206092,206092,206092,206092,206092
app1-2,4,5448.58,2963.29,2993.88,4878.62,1213.14,3035.61,98464,43795,60757,78165,11587,60757,0.08,84.97,34784,34784,34784,34784,34784,34784,11266,11266,11266,11266,11266,11266,206092,206092,206092,206092,206092,206092
app1-2,5,1063.47,1063.57,2086.35,3052.78,1240.17,2082.99,12073,12073,38230,53855,13672,38230,0.05,76.88,34786,34786,34786,34786,34786,34786,11267,11267,11267,11267,11267,11267,206105,206105,206105,206105,206105,206105
assign1-5-8,1,7200.00,7200.00,7200.00,7200.00,7200.00,7200.01,4554001,4520310,4612372,4604296,4627281,4604368,0.00,0.01,161,161,161,161,161,161,156,156,156,156,156,156,2340,2340,2340,2340,2340,2340
assign1-5-8,2,7200.00,7200.00,7200.00,7200.00,7200.00,7200.00,4345291,4306605,4413144,4343059,4366571,4406474,0.00,0.01,161,161,161,161,161,161,156,156,156,156,156,156,2340,2340,2340,2340,2340,2340
assign1-5-8,3,7200.00,7200.01,7200.00,7200.00,7200.00,7200.01,4393125,4395153,4325607,4292424,4312908,4279103,0.00,0.01,161,161,161,161,161,161,156,156,156,156,156,156,2340,2340,2340,2340,2340,2340
assign1-5-8,4,7200.00,7200.01,7200.00,7200.00,7200.00,7200.00,4468893,4486714,4209332,4233097,4215138,4292096,0.00,0.01,161,161,161,161,161,161,156,156,156,156,156,156,2340,2340,2340,2340,2340,2340
assign1-5-8,5,7200.00,7200.00,7200.01,7200.00,7200.00,7200.00,4366500,4273814,4367621,4365447,4295253,4316712,0.00,0.01,161,161,161,161,161,161,156,156,156,156,156,156,2340,2340,2340,2340,2340,2340
atlanta-ip,1,7200.02,7200.04,7200.01,7200.01,7200.01,7200.04,11219,11074,10740,11299,11291,10852,0.03,0.57,18485,18485,18485,18485,18485,18485,15858,15858,15858,15858,15858,15858,171200,171200,171200,171200,171200,171200
atlanta-ip,2,7200.02,7200.29,7200.01,7200.28,7200.15,7200.15,10286,10217,8355,10215,10215,8485,0.03,0.52,18478,18478,18478,18478,18478,18478,15857,15857,15857,15857,15857,15857,171196,171196,171196,171196,171196,171196
atlanta-ip,3,7200.05,7200.05,7200.04,7200.03,7200.01,7200.04,10953,10932,9327,11000,11257,9327,0.04,0.54,18487,18487,18487,18487,18487,18487,15857,15857,15857,15857,15857,15857,171200,171200,171200,171200,171200,171200
atlanta-ip,4,7200.01,7200.03,7200.02,7200.02,7200.02,7200.04,6772,6362,7335,6825,6769,7326,0.03,0.52,18480,18480,18480,18480,18480,18480,15858,15858,15858,15858,15858,15858,171185,171185,171185,171185,171185,171185
atlanta-ip,5,7200.02,7200.04,7200.01,7200.04,7200.04,7200.07,8330,8060,8869,8318,8318,8805,0.03,0.83,18479,18479,18479,18479,18479,18479,15858,15858,15858,15858,15858,15858,171190,171190,171190,171190,171190,171190
b1c1s1,1,7200.01,7200.00,7200.01,7200.00,7200.03,7200.01,110805,110631,133766,111535,110747,134304,0.01,0.04,2748,2748,2748,2748,2748,2748,2718,2718,2718,2718,2718,2718,9164,9164,9164,9164,9164,9164
b1c1s1,2,7200.03,7200.01,7200.00,7200.00,7200.01,7200.04,124943,124040,124756,124810,124944,124815,0.01,0.03,2748,2748,2748,2748,2748,2748,2718,2718,2718,2718,2718,2718,9164,9164,9164,9164,9164,9164
b1c1s1,3,7200.01,7200.00,7200.02,7200.00,7200.02,7200.01,112170,109467,111260,111569,110788,111132,0.01,0.03,2748,2748,2748,2748,2748,2748,2718,2718,2718,2718,2718,2718,9164,9164,9164,9164,9164,9164
b1c1s1,4,7200.00,7200.01,7200.01,7200.00,7200.00,7200.01,119159,119790,119159,119472,119057,119073,0.01,0.05,2748,2748,2748,2748,2748,2748,2718,2718,2718,2718,2718,2718,9164,9164,9164,9164,9164,9164
b1c1s1,5,7200.04,7200.00,7200.05,7200.04,7200.02,7200.00,110575,110746,118968,110339,110173,119482,0.01,0.04,2748,2748,2748,2748,2748,2748,2718,2718,2718,2718,2718,2718,9164,9164,9164,9164,9164,9164
bab2,1,7200.73,7202.15,7200.36,7200.85,7200.17,7200.58,3894,3838,3315,3789,3764,3380,8.47,28.12,16418,16418,16418,16418,16418,16418,144770,144770,144770,144770,144770,144770,1632018,1632018,1632018,1632018,1632018,1632018
bab2,2,7200.03,7200.41,7201.09,7200.51,7200.45,7201.18,2350,2342,2935,2399,2395,2935,12.29,34.35,16418,16418,16418,16418,16418,16418,144770,144770,144770,144770,144770,144770,1548775,1548775,1548775,1548775,1548775,1548775
bab2,3,7200.25,7200.24,7201.08,7200.25,7200.26,7200.72,614,614,2042,614,614,2107,1.22,29.60,16418,16418,16418,16418,16418,16418,144770,144770,144770,144770,144770,144770,1572487,1572487,1572487,1572487,1572487,1572487
bab2,4,7201.60,7201.48,7200.25,7200.43,7200.38,7200.18,1734,1734,2053,1671,1786,2074,3.45,23.90,16418,16418,16418,16418,16418,16418,144770,144770,144770,144770,144770,144770,1580759,1580759,1580759,1580759,1580759,1580759
bab2,5,7201.78,7200.53,7202.84,7203.18,7200.56,7202.12,1799,1822,1542,1799,1822,1618,1.29,9.31,16418,16418,16418,16418,16418,16418,144770,144770,144770,144770,144770,144770,1629677,1629677,1629677,1629677,1629677,1629677
bab6,1,7200.92,7200.94,7200.91,7200.54,7200.83,7200.71,4268,4067,4095,4216,4224,3974,1.52,20.41,29306,29306,29306,29306,29306,29306,112621,112621,112621,112621,112621,112621,1022155,1022155,1022155,1022155,1022155,1022155
bab6,2,7200.72,7201.17,7201.85,7200.29,7200.46,7200.55,4587,4522,3773,4587,4581,3840,1.69,16.08,29306,29306,29306,29306,29306,29306,112604,112604,112604,112604,112604,112604,995430,995430,995430,995430,995430,995430
bab6,3,7200.28,7200.69,7200.17,7200.32,7200.62,7200.18,5086,5252,4205,4896,4839,4101,1.41,15.45,29306,29306,29306,29306,29306,29306,112617,112617,112617,112617,112617,112617,1013302,1013302,1013302,1013302,1013302,1013302
bab6,4,7200.08,7201.79,7201.29,7200.61,7201.01,7200.37,4875,4839,4243,4755,4980,4158,1.68,16.46,29306,29306,29306,29306,29306,29306,112617,112617,112617,112617,112617,112617,1050645,1050645,1050645,1050645,1050645,1050645
bab6,5,7200.11,7202.32,7203.48,7200.17,7200.31,7201.66,4688,4770,4561,4807,4686,4503,1.81,26.80,29306,29306,29306,29306,29306,29306,112594,112594,112594,112594,112594,112594,1036762,1036762,1036762,1036762,1036762,1036762
beasleyC3,1,21.09,21.27,20.96,21.31,21.48,21.11,258,258,258,258,258,258,0.00,0.00,1153,1153,1153,1153,1153,1153,1704,1704,1704,1704,1704,1704,3408,3408,3408,3408,3408,3408
beasleyC3,2,32.15,32.16,32.12,32.26,32.53,32.51,546,546,546,546,546,546,0.00,0.00,1153,1153,1153,1153,1153,1153,1704,1704,1704,1704,1704,1704,3408,3408,3408,3408,3408,3408
beasleyC3,3,25.33,25.08,25.07,25.12,25.11,25.06,212,212,212,212,212,212,0.00,0.00,1153,1153,1153,1153,1153,1153,1704,1704,1704,1704,1704,1704,3408,3408,3408,3408,3408,3408
beasleyC3,4,26.14,26.76,26.32,26.71,26.80,27.01,342,342,342,342,342,342,0.00,0.00,1153,1153,1153,1153,1153,1153,1704,1704,1704,1704,1704,1704,3408,3408,3408,3408,3408,3408
beasleyC3,5,51.03,51.56,51.93,51.31,51.18,52.19,1359,1359,1359,1359,1359,1359,0.00,0.00,1153,1153,1153,1153,1153,1153,1704,1704,1704,1704,1704,1704,3408,3408,3408,3408,3408,3408
binkar10_1,1,42.76,43.78,50.06,42.73,42.85,49.88,6093,6093,7249,6093,6093,7249,0.00,0.01,820,820,820,820,820,820,2013,2013,2013,2013,2013,2013,3848,3848,3848,3848,3848,3848
binkar10_1,2,31.78,30.56,32.00,31.36,31.75,31.28,4091,4091,4091,4091,4091,4091,0.00,0.01,820,820,820,820,820,820,2013,2013,2013,2013,2013,2013,3848,3848,3848,3848,3848,3848
binkar10_1,3,28.62,28.31,40.65,29.32,28.15,40.43,3241,3241,4951,3241,3241,4951,0.00,0.01,820,820,820,820,820,820,2013,2013,2013,2013,2013,2013,3848,3848,3848,3848,3848,3848
binkar10_1,4,54.30,55.64,55.95,55.64,54.77,56.15,7586,7586,7586,7586,7586,7586,0.00,0.01,820,820,820,820,820,820,2013,2013,2013,2013,2013,2013,3848,3848,3848,3848,3848,3848
binkar10_1,5,49.20,49.69,49.83,50.03,51.50,50.54,6279,6279,6279,6279,6279,6279,0.00,0.01,820,820,820,820,820,820,2013,2013,2013,2013,2013,2013,3848,3848,3848,3848,3848,3848
blp-ar98,1,4064.71,4149.56,3368.06,3018.63,3753.61,3334.00,33631,33631,33505,28252,31646,33505,0.91,12.73,1113,1113,1113,1113,1113,1113,15521,15521,15509,15509,15509,15509,175122,175122,175058,175058,175058,175058
blp-ar98,2,3624.28,3609.69,3342.26,3314.75,4060.27,3352.79,31949,31949,33379,27292,34486,33379,0.96,9.34,1113,1113,1113,1113,1113,1113,15521,15521,15509,15509,15509,15509,175122,175122,175058,175058,175058,175058
blp-ar98,3,3472.74,3373.92,3463.53,3831.07,4061.30,3431.62,29345,29345,33520,38803,38383,33520,0.70,12.61,1113,1113,1113,1113,1113,1113,15521,15521,15509,15509,15509,15509,175122,175122,175058,175058,175058,175058
blp-ar98,4,5150.26,5354.27,4121.23,3551.55,3465.52,4055.69,47815,47815,35868,37625,35202,35868,1.32,13.85,1113,1113,1113,1113,1113,1113,15521,15521,15509,15509,15509,15509,175122,175122,175058,175058,175058,175058
blp-ar98,5,6019.72,6191.12,5846.75,3862.18,3730.29,5719.87,53194,53194,55202,37729,34442,55202,0.67,34.29,1113,1113,1113,1113,1113,1113,15521,15521,15509,15509,15509,15509,175122,175122,175058,175058,175058,175058
blp-ic98,1,971.86,960.03,1169.17,1004.50,840.35,1115.46,10015,10015,14333,11679,8435,14333,1.75,9.34,713,713,713,713,713,713,13636,13636,13636,13636,13636,13636,174831,174831,174831,174831,174831,174831
blp-ic98,2,2271.17,2156.97,1664.34,2319.86,2119.70,1664.18,18509,18509,13111,15459,20507,13111,2.38,4.48,713,713,713,713,713,713,13636,13636,13636,13636,13636,13636,174831,174831,174831,174831,174831,174831
blp-ic98,3,635.46,613.51,704.64,634.66,525.17,717.70,8225,8225,7186,8225,5882,7186,1.54,4.42,713,713,713,713,713,713,13636,13636,13636,13636,13636,13636,174831,174831,174831,174831,174831,174831
blp-ic98,4,1675.62,1661.02,2018.36,1633.75,1566.26,2000.36,8510,8510,11408,8510,7748,11408,1.60,6.29,713,713,713,713,713,713,13636,13636,13636,13636,13636,13636,174831,174831,174831,174831,174831,174831
blp-ic98,5,1169.36,1148.92,1470.39,1132.45,706.50,1474.54,13281,13281,18414,10308,7722,18414,2.16,4.80,713,713,713,713,713,713,13636,13636,13636,13636,13636,13636,174831,174831,174831,174831,174831,174831
bnatt400,1,1672.17,1671.65,1954.19,1653.44,1661.67,1966.20,34100,34100,37955,34100,34100,37955,0.07,0.15,3897,3897,3897,3897,3897,3897,1944,1944,1944,1944,1944,1944,16340,16340,16340,16340,16340,16340
bnatt400,2,1663.18,1719.18,1640.06,1664.98,1673.71,1648.43,34155,34155,32788,34155,34155,32788,0.07,0.22,3897,3897,3897,3897,3897,3897,1944,1944,1944,1944,1944,1944,16340,16340,16340,16340,16340,16340
bnatt400,3,1075.79,1081.56,2001.87,1078.92,1089.49,1967.06,23195,23195,39976,23195,23195,39976,0.05,0.16,3897,3897,3897,3897,3897,3897,1944,1944,1944,1944,1944,1944,16340,16340,16340,16340,16340,16340
bnatt400,4,1234.37,1241.57,1428.61,1233.73,1239.80,1410.76,26705,26705,27708,26705,26705,27708,0.04,0.22,3897,3897,3897,3897,3897,3897,1944,1944,1944,1944,1944,1944,16340,16340,16340,16340,16340,16340
bnatt400,5,1456.10,1462.67,1080.40,1489.76,1452.23,1089.27,33984,33984,23731,33984,33984,23731,0.05,0.23,3897,3897,3897,3897,3897,3897,1944,1944,1944,1944,1944,1944,16340,16340,16340,16340,16340,16340
bnatt500,1,7200.00,7200.01,7200.01,7200.14,7200.01,7200.02,99286,98902,116364,98887,99140,117222,0.06,0.19,4933,4933,4933,4933,4933,4933,2459,2459,2459,2459,2459,2459,20690,20690,20690,20690,20690,20690
bnatt500,2,7200.01,7200.01,7200.05,7200.04,7200.01,7200.01,111026,111344,90802,111448,111448,91097,0.07,0.28,4933,4933,4933,4933,4933,4933,2459,2459,2459,2459,2459,2459,20690,20690,20690,20690,20690,20690
bnatt500,3,7200.01,7200.01,7200.12,7200.01,7200.01,7200.07,106223,104634,105437,105191,104857,104782,0.04,0.29,4932,4932,4932,4932,4932,4932,2458,2458,2458,2458,2458,2458,20683,20683,20683,20683,20683,20683
bnatt500,4,7200.01,7200.06,7200.03,7200.01,7200.13,7200.01,98822,97717,99161,98299,98374,99280,0.07,0.37,4932,4932,4932,4932,4932,4932,2458,2458,2458,2458,2458,2458,20683,20683,20683,20683,20683,20683
bnatt500,5,7200.01,7200.00,7200.09,7200.02,7200.00,7200.01,120205,120655,98092,119545,120782,97795,0.07,0.37,4932,4932,4932,4932,4932,4932,2458,2458,2458,2458,2458,2458,20683,20683,20683,20683,20683,20683
bppc4-08,1,7200.02,7200.00,7200.00,7200.03,7200.00,7200.00,590258,593682,577967,594356,594166,582128,0.02,0.20,111,111,111,111,111,111,1455,1455,1455,1455,1455,1455,23964,23964,23964,23964,23964,23964
bppc4-08,2,7200.00,7200.01,7200.00,7200.00,7200.00,7200.00,597979,593445,565757,600453,599295,567306,0.01,0.26,111,111,111,111,111,111,1455,1455,1455,1455,1455,1455,23964,23964,23964,23964,23964,23964
bppc4-08,3,7200.00,7200.00,7200.00,7200.00,7200.00,7200.00,607523,602525,576879,602773,602507,579464,0.02,0.23,111,111,111,111,111,111,1455,1455,1455,1455,1455,1455,23964,23964,23964,23964,23964,23964
bppc4-08,4,7200.00,7200.01,7200.00,7200.00,7200.00,7200.00,590992,584524,584458,582695,586981,585656,0.01,0.24,111,111,111,111,111,111,1455,1455,1455,1455,1455,1455,23964,23964,23964,23964,23964,23964
bppc4-08,5,7200.00,7200.00,7200.02,7200.01,7200.00,7200.00,612710,600970,595581,604371,602655,597988,0.02,0.24,111,111,111,111,111,111,1455,1455,1455,1455,1455,1455,23964,23964,23964,23964,23964,23964
brazil3,1,2366.41,2366.74,565.68,2607.81,2608.27,563.91,2576,2576,641,2489,2489,641,0.02,0.39,2985,2985,2761,2761,2761,2761,6820,6820,6806,6806,6806,6806,41353,41353,40891,40891,40891,40891
brazil3,2,4261.18,4263.86,2237.73,2137.46,2134.44,2232.08,3371,3371,2734,2214,2214,2734,0.02,0.39,2985,2985,2761,2761,2761,2761,6820,6820,6806,6806,6806,6806,41353,41353,40891,40891,40891,40891
brazil3,3,2051.53,2059.85,2946.76,2076.67,2076.15,2969.37,2140,2140,2726,1964,1964,2726,0.02,0.39,2985,2985,2761,2761,2761,2761,6820,6820,6806,6806,6806,6806,41353,41353,40891,40891,40891,40891
brazil3,4,3990.89,4062.36,644.50,125.96,126.27,649.71,4287,4287,617,47,47,617,0.02,0.39,2985,2985,2761,2761,2761,2761,6820,6820,6806,6806,6806,6806,41353,41353,40891,40891,40891,40891
brazil3,5,4792.02,4798.98,4494.18,3680.67,3658.33,4505.48,4900,4900,3811,4016,4016,3811,0.03,0.52,2985,2985,2761,2761,2761,2761,6820,6820,6806,6806,6806,6806,41353,41353,40891,40891,40891,40891
buildingenergy,1,7201.87,7202.56,7200.38,7200.26,7200.30,7205.02,2461,2461,2522,2462,2461,2950,0.09,0.12,267853,267853,267853,267853,267853,267853,145237,145237,145237,145237,145237,145237,815124,815124,815124,815124,815124,815124
buildingenergy,2,7200.29,7200.30,7202.32,7200.29,7200.97,7202.31,2704,2536,2535,2704,2623,2535,0.09,0.11,267853,267853,267853,267853,267853,267853,145237,145237,145237,145237,145237,145237,815124,815124,815124,815124,815124,815124
buildingenergy,3,7200.23,7200.75,7200.23,7200.24,7201.34,7200.16,5318,5030,5367,5738,5200,5388,0.10,0.15,267853,267853,267853,267853,267853,267853,145237,145237,145237,145237,145237,145237,815124,815124,815124,815124,815124,815124
buildingenergy,4,7201.62,7200.74,7200.30,7202.28,7202.34,7200.21,2430,2305,2158,2158,2158,2158,0.09,0.12,267853,267853,267853,267853,267853,267853,145237,145237,145237,145237,145237,145237,815124,815124,815124,815124,815124,815124
buildingenergy,5,7202.35,7201.01,7201.66,7202.27,7209.27,7202.88,1641,1641,1641,1641,1641,1641,0.09,0.12,267853,267853,267853,267853,267853,267853,145237,145237,145237,145237,145237,145237,815124,815124,815124,815124,815124,815124
cbs-cta,1,114.35,121.50,114.73,115.46,114.67,116.46,2843,2843,2843,2843,2843,2843,0.04,0.05,9964,9964,9964,9964,9964,9964,8214,8214,8214,8214,8214,8214,31146,31146,31146,31146,31146,31146
cbs-cta,2,163.33,163.54,164.68,165.86,164.66,164.13,1980,1980,1980,1980,1980,1980,0.04,0.02,9964,9964,9964,9964,9964,9964,8214,8214,8214,8214,8214,8214,31146,31146,31146,31146,31146,31146
cbs-cta,3,173.67,173.70,174.97,173.02,173.82,174.80,3578,3546,3578,3578,3578,3546,0.05,0.05,9964,9964,9964,9964,9964,9964,8214,8214,8214,8214,8214,8214,31146,31146,31146,31146,31146,31146
cbs-cta,4,83.66,84.57,84.12,84.67,84.07,85.39,1961,1961,1961,1961,1961,1961,0.05,0.05,9964,9964,9964,9964,9964,9964,8214,8214,8214,8214,8214,8214,31146,31146,31146,31146,31146,31146
cbs-cta,5,84.63,84.59,87.38,86.54,86.28,82.80,2265,2265,2265,2265,2265,2265,0.06,0.06,9964,9964,9964,9964,9964,9964,8214,8214,8214,8214,8214,8214,31146,31146,31146,31146,31146,31146
chromaticindex1024-7,1,7221.17,7236.08,7200.53,7201.53,7201.01,7209.98,3764,3763,3983,4118,3881,3621,0.11,12.92,67583,67583,67583,67583,67583,67583,73728,73728,73728,73728,73728,73728,270324,270324,270324,270324,270324,270324
chromaticindex1024-7,2,7200.11,7200.03,7211.64,7204.80,7200.10,7200.64,1949,1467,2479,1994,2333,2639,0.11,1.18,67583,67583,67583,67583,67583,67583,73728,73728,73728,73728,73728,73728,270324,270324,270324,270324,270324,270324
chromaticindex1024-7,3,7207.58,7200.06,7200.03,7200.25,7200.09,7200.09,0,0,0,0,0,0,0.08,0.95,67583,67583,67583,67583,67583,67583,73728,73728,73728,73728,73728,73728,270324,270324,270324,270324,270324,270324
chromaticindex1024-7,4,7201.47,7217.23,7208.84,7200.46,7209.24,7224.74,0,0,0,0,0,0,0.08,0.97,67583,67583,67583,67583,67583,67583,73728,73728,73728,73728,73728,73728,270324,270324,270324,270324,270324,270324
chromaticindex1024-7,5,7211.30,7202.99,7200.17,7222.50,7215.58,7213.20,2810,2032,3386,3268,3268,4573,0.12,1.21,67583,67583,67583,67583,67583,67583,73728,73728,73728,73728,73728,73728,270324,270324,270324,270324,270324,270324
chromaticindex512-7,1,7200.02,7200.91,7201.05,7209.61,7200.84,7201.46,10297,10659,10613,10792,10521,10943,0.09,4.13,33791,33791,33791,33791,33791,33791,36864,36864,36864,36864,36864,36864,135156,135156,135156,135156,135156,135156
chromaticindex512-7,2,7237.05,7202.72,7201.26,7201.43,7200.98,7201.64,8674,8723,8690,8692,8692,8703,0.08,4.39,33791,33791,33791,33791,33791,33791,36864,36864,36864,36864,36864,36864,135156,135156,135156,135156,135156,135156
chromaticindex512-7,3,7200.12,7200.61,7201.18,7201.34,7201.57,7200.81,12465,12448,12455,12446,12481,12518,0.05,0.74,33791,33791,33791,33791,33791,33791,36864,36864,36864,36864,36864,36864,135156,135156,135156,135156,135156,135156
chromaticindex512-7,4,7212.55,7214.21,7209.82,7200.15,7200.28,7200.79,14056,13811,13811,13717,13852,13934,0.11,5.49,33791,33791,33791,33791,33791,33791,36864,36864,36864,36864,36864,36864,135156,135156,135156,135156,135156,135156
chromaticindex512-7,5,2572.09,2603.08,2651.24,2649.27,2651.71,2620.54,1885,1885,1885,1885,1885,1885,0.04,0.44,33791,33791,33791,33791,33791,33791,36864,36864,36864,36864,36864,36864,135156,135156,135156,135156,135156,135156
cmflsp50-24-8-8,1,7200.11,7200.02,7200.02,7200.01,7200.02,7200.04,57479,54877,57328,57593,57231,57503,0.02,0.26,3480,3480,3480,3480,3480,3480,15977,15977,15977,15977,15977,15977,156082,156082,156082,156082,156082,156082
cmflsp50-24-8-8,2,7200.02,7200.01,7200.01,7200.02,7200.02,7200.01,65022,65354,64652,64511,64446,64932,0.02,0.27,3480,3480,3480,3480,3480,3480,15977,15977,15977,15977,15977,15977,156082,156082,156082,156082,156082,156082
cmflsp50-24-8-8,3,7200.03,7200.03,7200.02,7200.02,7200.02,7200.02,56121,54854,55381,54902,54860,54899,0.01,0.17,3480,3480,3480,3480,3480,3480,15977,15977,15977,15977,15977,15977,156082,156082,156082,156082,156082,156082
cmflsp50-24-8-8,4,7200.04,7200.01,7200.01,7200.03,7200.02,7200.03,49125,49260,49280,49601,49642,49456,0.01,0.17,3480,3480,3480,3480,3480,3480,15977,15977,15977,15977,15977,15977,156082,156082,156082,156082,156082,156082
cmflsp50-24-8-8,5,7200.03,7200.03,7200.05,7200.02,7200.02,7200.02,56394,54938,55422,55408,55412,54715,0.01,0.22,3480,3480,3480,3480,3480,3480,15977,15977,15977,15977,15977,15977,156082,156082,156082,156082,156082,156082
co-100,1,7200.01,7200.11,7200.08,7200.11,7200.08,7200.05,32139,32038,39588,33910,34105,38689,0.64,7.16,1748,1748,1748,1748,1748,1748,22840,22840,22840,22840,22840,22840,718918,718918,718918,718918,718918,718918
co-100,2,6409.50,6540.14,7200.11,6478.60,6443.95,6181.11,23098,23098,29056,23098,23098,35865,1.02,8.59,1748,1748,1748,1748,1748,1748,22840,22840,22840,22840,22840,22840,718918,718918,718918,718918,718918,718918
co-100,3,7200.29,7200.17,7200.11,7200.09,7200.11,7200.11,38385,37281,21367,38841,38748,21422,1.43,6.82,1748,1748,1748,1748,1748,1748,22840,22840,22840,22840,22840,22840,718918,718918,718918,718918,718918,718918
co-100,4,7200.11,7200.06,7200.06,7200.17,7200.12,7200.08,36154,35239,38997,35114,33235,38620,1.12,7.68,1748,1748,1748,1748,1748,1748,22840,22840,22840,22840,22840,22840,718918,718918,718918,718918,718918,718918
co-100,5,7200.56,7200.94,7200.05,7200.18,7200.05,7200.04,44010,42909,43323,42041,43492,43854,1.18,9.20,1748,1748,1748,1748,1748,1748,22840,22840,22840,22840,22840,22840,718918,718918,718918,718918,718918,718918
cod105,1,185.96,185.68,186.09,186.14,186.27,185.83,455,455,455,455,455,455,0.11,0.32,1024,1024,1024,1024,1024,1024,1024,1024,1024,1024,1024,1024,57344,57344,57344,57344,57344,57344
cod105,2,117.66,119.72,119.97,122.42,121.66,120.36,101,101,101,101,101,101,0.11,0.29,1024,1024,1024,1024,1024,1024,1024,1024,1024,1024,1024,1024,57344,57344,57344,57344,57344,57344
cod105,3,163.03,164.17,165.59,167.15,164.81,164.12,431,431,431,431,431,431,0.10,0.30,1024,1024,1024,1024,1024,1024,1024,1024,1024,1024,1024,1024,57344,57344,57344,57344,57344,57344
cod105,4,171.32,170.96,173.17,170.65,171.76,174.24,503,503,503,503,503,503,0.10,0.29,1024,1024,1024,1024,1024,1024,1024,1024,1024,1024,1024,1024,57344,57344,57344,57344,57344,57344
cod105,5,127.44,129.11,128.76,128.26,129.37,128.20,105,105,105,105,105,105,0.10,0.29,1024,1024,1024,1024,1024,1024,1024,1024,1024,1024,1024,1024,57344,57344,57344,57344,57344,57344
comp07-2idx,1,2059.66,5222.56,3888.23,2045.25,2061.64,4829.57,3821,13128,8578,3821,3821,9083,0.41,0.76,17457,17088,17457,17457,17457,17088,17171,17171,17171,17171,17171,17171,82399,81066,82399,82399,82399,81066
comp07-2idx,2,5522.49,4995.79,4414.25,5554.35,5531.70,4959.07,18328,16993,11438,18328,18328,15584,0.15,0.62,17431,17084,17431,17431,17431,17084,17171,17171,17171,17171,17171,17171,82291,81051,82291,82291,82291,81051
comp07-2idx,3,3178.39,2792.30,5526.59,3199.51,3196.08,5506.70,5198,6845,17659,5198,5198,17488,0.13,0.95,17432,17089,17432,17432,17432,17089,17171,17171,17171,17171,17171,17171,82305,81078,82305,82305,82305,81078
comp07-2idx,4,4764.41,3788.17,3715.22,4760.08,4777.70,3546.22,10356,11867,8463,10356,10356,6704,0.19,0.50,17445,17090,17445,17445,17445,17090,17171,17171,17171,17171,17171,17171,82332,81082,82332,82332,82332,81082
comp07-2idx,5,4505.21,5733.90,3436.01,4544.18,4550.14,2520.08,14978,19052,7705,14978,14978,3877,0.54,1.05,17441,17088,17441,17441,17441,17088,17171,17171,17171,17171,17171,17171,82312,81075,82312,82312,82312,81075
comp21-2idx,1,7200.02,7200.01,7200.10,7200.02,7200.13,7200.12,14389,16153,14305,14389,14389,15323,0.13,0.48,10912,10533,10912,10912,10912,10533,10710,10710,10710,10710,10710,10710,53783,52431,53783,53783,53783,52431
comp21-2idx,2,7200.01,7200.01,7200.01,7200.08,7200.03,7200.02,14243,14295,13215,14243,14243,14069,0.15,0.38,10935,10532,10935,10935,10935,10532,10710,10710,10710,10710,10710,10710,53870,52426,53870,53870,53870,52426
comp21-2idx,3,7200.05,7200.01,7200.03,7200.05,7200.04,7200.02,12671,12752,13288,12671,12733,14441,0.15,0.49,10897,10534,10897,10897,10897,10534,10710,10710,10710,10710,10710,10710,53761,52434,53761,53761,53761,52434
comp21-2idx,4,7200.00,7200.01,7200.00,7200.01,7200.02,7200.04,15374,15073,13882,15372,15372,14739,0.12,0.47,10879,10537,10879,10879,10879,10537,10710,10710,10710,10710,10710,10710,53668,52445,53668,53668,53668,52445
comp21-2idx,5,7200.00,7200.02,7202.86,7200.73,7200.01,7200.03,11625,12716,13453,11551,11535,14706,0.10,0.39,10923,10534,10923,10923,10923,10534,10710,10710,10710,10710,10710,10710,53843,52434,53843,53843,53843,52434
cost266-UUE,1,4462.44,4444.67,3252.00,4451.66,4439.56,3311.18,113407,113407,83164,113407,113407,83164,0.00,0.05,1429,1429,1429,1429,1429,1429,4136,4136,4136,4136,4136,4136,12251,12251,12251,12251,12251,12251
cost266-UUE,2,3113.10,3157.74,3870.63,3126.47,3129.24,3862.39,83963,83963,96973,83963,83963,96973,0.00,0.10,1429,1429,1429,1429,1429,1429,4136,4136,4136,4136,4136,4136,12251,12251,12251,12251,12251,12251
cost266-UUE,3,3755.40,3761.40,4333.42,3807.86,3807.91,4293.54,105662,105662,133201,105662,105662,133201,0.00,0.10,1429,1429,1429,1429,1429,1429,4136,4136,4136,4136,4136,4136,12251,12251,12251,12251,12251,12251
cost266-UUE,4,3616.96,3692.88,3920.89,3650.75,3676.74,3911.84,97135,97135,106390,97135,97135,106390,0.00,0.09,1429,1429,1429,1429,1429,1429,4136,4136,4136,4136,4136,4136,12251,12251,12251,12251,12251,12251
cost266-UUE,5,3437.33,3462.73,4430.67,3478.96,3489.48,4444.28,96006,96006,121997,96006,96006,121997,0.00,0.09,1429,1429,1429,1429,1429,1429,4136,4136,4136,4136,4136,4136,12251,12251,12251,12251,12251,12251
cryptanalysiskb128n5obj14,1,3446.10,3542.37,2217.27,4381.55,4385.19,2160.96,1240,1240,620,1468,1468,620,0.32,3.37,56796,56796,56783,56783,56783,56783,24901,24901,24888,24888,24888,24888,203563,203563,203472,203472,203472,203472
cryptanalysiskb128n5obj14,2,4314.35,4315.95,4209.16,3668.46,3705.18,4147.74,1486,1486,1326,1195,1195,1326,0.54,3.37,56799,56799,56783,56783,56783,56783,24901,24901,24885,24885,24885,24885,203589,203589,203477,203477,203477,203477
cryptanalysiskb128n5obj14,3,3262.45,3492.74,2628.08,2357.65,2384.64,2607.37,1018,1018,760,681,681,760,0.50,3.34,56800,56800,56786,56786,56786,56786,24901,24901,24887,24887,24887,24887,203568,203568,203470,203470,203470,203470
cryptanalysiskb128n5obj14,4,3787.50,3789.73,4586.94,3060.69,3043.89,4577.41,1125,1125,1470,898,898,1470,0.52,3.38,56797,56797,56781,56781,56781,56781,24901,24901,24885,24885,24885,24885,203570,203570,203458,203458,203458,203458
cryptanalysiskb128n5obj14,5,2650.61,2699.19,2706.43,4194.17,4200.42,2701.13,785,785,832,1394,1394,832,0.55,4.50,56805,56805,56790,56790,56790,56790,24902,24902,24887,24887,24887,24887,203597,203597,203492,203492,203492,203492
cryptanalysiskb128n5obj16,1,5301.68,5558.83,4640.67,1672.27,1676.18,4504.69,2006,2006,1736,504,504,1736,0.34,3.38,56796,56796,56783,56783,56783,56783,24901,24901,24888,24888,24888,24888,203563,203563,203472,203472,203472,203472
cryptanalysiskb128n5obj16,2,7200.02,7200.01,3676.25,7200.02,7200.02,3650.38,2333,2207,1226,2884,2889,1226,0.50,3.39,56798,56798,56782,56782,56782,56782,24901,24901,24885,24885,24885,24885,203587,203587,203475,203475,203475,203475
cryptanalysiskb128n5obj16,3,4502.65,4576.29,962.65,4886.53,4905.05,956.22,1721,1721,228,1704,1704,228,0.47,3.32,56799,56799,56785,56785,56785,56785,24901,24901,24887,24887,24887,24887,203566,203566,203468,203468,203468,203468
cryptanalysiskb128n5obj16,4,4212.29,4340.78,4082.65,6364.35,6381.44,4095.99,1145,1145,1290,2599,2599,1290,0.60,3.35,56797,56797,56781,56781,56781,56781,24901,24901,24885,24885,24885,24885,203568,203568,203456,203456,203456,203456
cryptanalysiskb128n5obj16,5,3472.53,3506.32,3294.85,4868.83,4849.38,3313.28,1291,1291,1141,1709,1709,1141,0.35,3.33,56806,56806,56791,56791,56791,56791,24902,24902,24887,24887,24887,24887,203600,203600,203495,203495,203495,203495
csched007,1,1284.59,1313.46,1474.52,1295.87,1374.53,1479.49,92873,92873,109030,92873,94477,109030,0.00,0.11,276,276,276,276,276,276,1683,1683,1683,1683,1683,1683,6166,6166,6166,6166,6166,6166
csched007,2,1611.13,1603.95,1306.54,1612.89,1306.49,1317.74,112825,112825,90048,112825,90048,90048,0.00,0.08,276,276,276,276,276,276,1683,1683,1683,1683,1683,1683,6166,6166,6166,6166,6166,6166
csched007,3,1160.31,1146.05,1056.17,1177.40,1252.64,1054.07,76416,76416,67785,76416,80260,67785,0.00,0.07,276,276,276,276,276,276,1683,1683,1683,1683,1683,1683,6166,6166,6166,6166,6166,6166
csched007,4,2011.57,2067.23,1531.11,2030.17,1400.00,1536.95,170475,170475,104858,170475,102002,104858,0.00,0.15,276,276,276,276,276,276,1683,1683,1683,1683,1683,1683,6166,6166,6166,6166,6166,6166
csched007,5,1268.61,1277.31,1548.02,1275.36,1557.64,1538.68,82959,82959,99873,82959,99873,99873,0.00,0.10,276,276,276,276,276,276,1683,1683,1683,1683,1683,1683,6166,6166,6166,6166,6166,6166
csched008,1,526.84,530.45,531.09,526.17,527.88,528.91,28124,28124,28124,28124,28124,28124,0.00,0.03,276,276,276,276,276,276,1503,1503,1503,1503,1503,1503,5487,5487,5487,5487,5487,5487
csched008,2,439.03,443.28,437.32,437.21,437.32,438.03,29455,29455,29455,29455,29455,29455,0.00,0.04,276,276,276,276,276,276,1503,1503,1503,1503,1503,1503,5487,5487,5487,5487,5487,5487
csched008,3,555.00,558.83,556.42,555.98,557.25,559.48,38629,38629,38629,38629,38629,38629,0.00,0.04,276,276,276,276,276,276,1503,1503,1503,1503,1503,1503,5487,5487,5487,5487,5487,5487
csched008,4,329.04,341.81,310.48,331.37,387.71,310.49,20604,20604,24773,20604,28610,24773,0.00,0.05,276,276,276,276,276,276,1503,1503,1503,1503,1503,1503,5487,5487,5487,5487,5487,5487
csched008,5,367.45,370.77,368.41,369.10,367.76,369.76,24987,24987,24987,24987,24987,24987,0.00,0.04,276,276,276,276,276,276,1503,1503,1503,1503,1503,1503,5487,5487,5487,5487,5487,5487
cvs16r128-89,1,7200.00,7200.01,7200.02,7200.00,7200.05,7200.02,46982,46977,37886,46770,46788,37886,0.13,0.35,4633,4633,4633,4633,4633,4633,3472,3472,3472,3472,3472,3472,12528,12528,12528,12528,12528,12528
cvs16r128-89,2,7200.05,7200.29,7200.02,7200.01,7200.01,7200.04,51140,50840,47426,51001,50866,47426,0.16,0.41,4633,4633,4633,4633,4633,4633,3472,3472,3472,3472,3472,3472,12528,12528,12528,12528,12528,12528
cvs16r128-89,3,7200.02,7200.01,7200.00,7200.01,7200.01,7200.01,46683,46659,58169,46659,46659,58150,0.15,0.41,4633,4633,4633,4633,4633,4633,3472,3472,3472,3472,3472,3472,12528,12528,12528,12528,12528,12528
cvs16r128-89,4,7200.00,7200.03,7200.01,7200.06,7200.02,7200.01,56161,55463,49405,55768,55660,49405,0.16,0.38,4633,4633,4633,4633,4633,4633,3472,3472,3472,3472,3472,3472,12528,12528,12528,12528,12528,12528
cvs16r128-89,5,7200.01,7200.00,7200.00,7200.00,7200.01,7200.01,42131,42012,41203,41863,41726,40925,0.14,0.31,4633,4633,4633,4633,4633,4633,3472,3472,3472,3472,3472,3472,12528,12528,12528,12528,12528,12528
dano3_3,1,86.09,85.66,80.66,81.23,81.34,81.04,1,1,3,3,3,3,0.00,0.03,3151,3151,3151,3151,3151,3151,13837,13837,13837,13837,13837,13837,78560,78560,78560,78560,78560,78560
dano3_3,2,125.53,125.16,147.30,146.88,147.38,146.79,1,1,3,3,3,3,0.00,0.05,3151,3151,3151,3151,3151,3151,13837,13837,13837,13837,13837,13837,78560,78560,78560,78560,78560,78560
dano3_3,3,152.28,153.31,122.94,121.93,123.02,122.28,5,5,3,3,3,3,0.00,0.02,3151,3151,3151,3151,3151,3151,13837,13837,13837,13837,13837,13837,78560,78560,78560,78560,78560,78560
dano3_3,4,114.61,116.07,144.60,144.59,145.82,145.92,1,1,1,1,1,1,0.00,0.03,3151,3151,3151,3151,3151,3151,13837,13837,13837,13837,13837,13837,78560,78560,78560,78560,78560,78560
dano3_3,5,84.51,84.30,90.49,90.60,90.94,91.24,1,1,3,3,3,3,0.01,0.05,3151,3151,3151,3151,3151,3151,13837,13837,13837,13837,13837,13837,78560,78560,78560,78560,78560,78560
dano3_5,1,487.21,482.06,455.07,450.52,460.25,452.50,162,162,109,109,109,109,0.00,0.03,3151,3151,3151,3151,3151,3151,13837,13837,13837,13837,13837,13837,78602,78602,78602,78602,78602,78602
dano3_5,2,445.58,443.32,461.65,458.59,457.92,456.88,101,101,76,76,76,76,0.00,0.06,3151,3151,3151,3151,3151,3151,13837,13837,13837,13837,13837,13837,78602,78602,78602,78602,78602,78602
dano3_5,3,490.97,504.87,476.66,479.95,474.24,474.30,143,143,80,80,80,80,0.00,0.06,3151,3151,3151,3151,3151,3151,13837,13837,13837,13837,13837,13837,78602,78602,78602,78602,78602,78602
dano3_5,4,398.01,407.17,416.62,417.91,414.87,416.55,73,73,66,66,66,66,0.00,0.05,3151,3151,3151,3151,3151,3151,13837,13837,13837,13837,13837,13837,78602,78602,78602,78602,78602,78602
dano3_5,5,486.65,495.03,469.37,468.95,471.58,470.04,112,112,69,69,69,69,0.01,0.06,3151,3151,3151,3151,3151,3151,13837,13837,13837,13837,13837,13837,78602,78602,78602,78602,78602,78602
decomp2,1,20.55,20.53,5.40,21.99,22.08,5.41,1,1,1,1,1,1,0.01,0.02,5304,5304,5304,5304,5304,5304,5637,5637,5637,5637,5637,5637,25277,25277,25277,25277,25277,25277
decomp2,2,11.94,12.05,9.78,11.93,11.89,9.81,1,1,1,1,1,1,0.01,0.04,5304,5304,5304,5304,5304,5304,5628,5628,5628,5628,5628,5628,25277,25277,25277,25277,25277,25277
decomp2,3,10.90,11.03,3.66,11.05,11.00,3.76,1,1,1,1,1,1,0.02,0.02,5304,5304,5304,5304,5304,5304,5646,5646,5646,5646,5646,5646,25277,25277,25277,25277,25277,25277
decomp2,4,4.05,4.10,2.70,4.04,4.09,2.70,1,1,1,1,1,1,0.01,0.02,5304,5304,5304,5304,5304,5304,5644,5644,5644,5644,5644,5644,25277,25277,25277,25277,25277,25277
decomp2,5,4.33,4.31,4.28,4.34,4.35,4.29,1,1,1,1,1,1,0.01,0.02,5304,5304,5304,5304,5304,5304,5645,5645,5645,5645,5645,5645,25277,25277,25277,25277,25277,25277
drayage-100-23,1,1.73,1.73,1.76,1.75,1.76,1.76,1,1,1,1,1,1,0.01,0.02,686,686,686,686,686,686,7716,7716,7716,7716,7716,7716,16853,16853,16853,16853,16853,16853
drayage-100-23,2,1.10,1.11,1.12,1.12,1.10,1.13,1,1,1,1,1,1,0.01,0.02,686,686,686,686,686,686,7716,7716,7716,7716,7716,7716,16853,16853,16853,16853,16853,16853
drayage-100-23,3,1.07,1.07,1.08,1.09,1.08,1.12,1,1,1,1,1,1,0.01,0.02,686,686,686,686,686,686,7716,7716,7716,7716,7716,7716,16853,16853,16853,16853,16853,16853
drayage-100-23,4,0.72,0.74,0.74,0.76,0.76,0.75,1,1,1,1,1,1,0.01,0.02,686,686,686,686,686,686,7716,7716,7716,7716,7716,7716,16853,16853,16853,16853,16853,16853
drayage-100-23,5,0.67,0.69,0.69,0.68,0.68,0.70,1,1,1,1,1,1,0.01,0.02,686,686,686,686,686,686,7716,7716,7716,7716,7716,7716,16853,16853,16853,16853,16853,16853
drayage-25-23,1,2.29,2.29,2.05,2.35,2.33,2.05,1,1,1,1,1,1,0.01,0.08,732,732,732,732,732,732,7745,7745,7745,7745,7745,7745,17051,17051,17051,17051,17051,17051
drayage-25-23,2,2.37,2.34,2.29,2.30,2.29,2.32,1,1,1,1,1,1,0.01,0.04,732,732,732,732,732,732,7745,7745,7745,7745,7745,7745,17051,17051,17051,17051,17051,17051
drayage-25-23,3,3.51,3.48,2.30,3.50,3.57,2.30,243,243,1,243,243,1,0.01,0.07,732,732,732,732,732,732,7745,7745,7745,7745,7745,7745,17051,17051,17051,17051,17051,17051
drayage-25-23,4,2.27,2.35,2.43,2.71,2.66,2.41,1,1,1,1,1,1,0.01,0.06,732,732,732,732,732,732,7745,7745,7745,7745,7745,7745,17051,17051,17051,17051,17051,17051
drayage-25-23,5,2.11,2.13,2.46,2.36,2.55,2.48,1,1,1,1,1,1,0.01,0.06,732,732,732,732,732,732,7745,7745,7745,7745,7745,7745,17051,17051,17051,17051,17051,17051
dws008-01,1,7200.03,7200.03,7200.05,7200.03,7200.02,7200.02,221762,220720,218228,208471,259380,196515,0.23,5.65,5231,5234,5231,5231,5231,5234,9830,9836,9830,9830,9830,9836,50253,50286,50253,50253,50253,50286
dws008-01,2,7200.00,7200.03,7200.02,7200.04,7200.01,7200.02,235368,248855,249938,205829,259076,213860,0.27,5.24,5236,5237,5236,5236,5236,5237,9825,9829,9825,9825,9825,9829,50237,50256,50237,50237,50237,50256
dws008-01,3,7200.05,7200.04,7200.02,7200.03,7200.03,7200.03,217173,216283,225098,190196,249218,209582,0.24,6.49,5234,5235,5234,5234,5234,5235,9845,9847,9845,9845,9845,9847,50332,50343,50332,50332,50332,50343
dws008-01,4,7200.03,7200.02,7200.02,7200.07,7200.02,7200.03,227064,288738,222528,203847,231794,232679,0.29,5.40,4817,4817,4810,4817,4810,4810,9095,9095,9076,9095,9076,9076,46141,46141,46047,46141,46047,46047
eil33-2,1,109.95,112.96,104.06,115.03,109.61,102.43,335,335,424,335,335,424,0.02,0.11,32,32,32,32,32,32,4516,4516,4516,4516,4516,4516,44243,44243,44243,44243,44243,44243
eil33-2,2,107.02,109.38,117.74,109.12,109.66,117.75,400,400,625,400,400,625,0.01,0.16,32,32,32,32,32,32,4516,4516,4516,4516,4516,4516,44243,44243,44243,44243,44243,44243
eil33-2,3,119.40,114.46,100.59,134.63,116.85,102.57,536,536,379,536,536,379,0.02,0.12,32,32,32,32,32,32,4516,4516,4516,4516,4516,4516,44243,44243,44243,44243,44243,44243
eil33-2,4,97.41,99.54,109.30,97.61,96.40,106.59,329,329,339,329,329,339,0.02,0.12,32,32,32,32,32,32,4516,4516,4516,4516,4516,4516,44243,44243,44243,44243,44243,44243
eil33-2,5,97.03,103.18,102.94,98.80,101.04,106.12,335,335,466,335,335,466,0.02,0.15,32,32,32,32,32,32,4516,4516,4516,4516,4516,4516,44243,44243,44243,44243,44243,44243
eilA101-2,1,7200.15,7294.85,7304.93,7200.06,7226.79,7258.10,5287,5359,5359,5271,5359,5359,0.55,0.58,100,100,100,100,100,100,65832,65832,65832,65832,65832,65832,959373,959373,959373,959373,959373,959373
eilA101-2,2,7207.69,7201.36,7201.20,7215.64,7200.05,7201.64,3729,3729,3729,3729,3978,3729,0.86,0.81,100,100,100,100,100,100,65832,65832,65832,65832,65832,65832,959373,959373,959373,959373,959373,959373
eilA101-2,3,5702.56,5904.48,5756.49,5664.00,5670.63,5680.77,4165,4165,4165,4165,4165,4165,0.41,0.24,100,100,100,100,100,100,65832,65832,65832,65832,65832,65832,959373,959373,959373,959373,959373,959373
eilA101-2,4,7200.29,7200.21,7200.32,7200.26,7200.18,7200.18,6004,5648,5813,5886,5920,5847,0.81,0.02,100,100,100,100,100,100,65832,65832,65832,65832,65832,65832,959373,959373,959373,959373,959373,959373
eilA101-2,5,7200.27,7200.20,7201.03,7200.26,7200.24,7200.12,5441,5204,4848,5349,4931,5328,0.76,0.01,100,100,100,100,100,100,65832,65832,65832,65832,65832,65832,959373,959373,959373,959373,959373,959373
enlight_hard,1,16.17,16.40,16.19,16.39,16.35,16.40,2610,2610,2610,2610,2610,2610,0.00,0.00,100,100,100,100,100,100,200,200,200,200,200,200,560,560,560,560,560,560
enlight_hard,2,14.37,14.63,14.48,14.55,14.50,14.57,2449,2449,2449,2449,2449,2449,0.00,0.00,100,100,100,100,100,100,200,200,200,200,200,200,560,560,560,560,560,560
enlight_hard,3,11.46,11.62,11.54,11.55,11.56,11.51,1475,1475,1475,1475,1475,1475,0.00,0.00,100,100,100,100,100,100,200,200,200,200,200,200,560,560,560,560,560,560
enlight_hard,4,31.48,31.19,31.52,31.79,31.63,31.75,7551,7551,7551,7551,7551,7551,0.00,0.00,100,100,100,100,100,100,200,200,200,200,200,200,560,560,560,560,560,560
enlight_hard,5,11.89,11.85,11.91,11.84,11.90,12.04,1384,1384,1384,1384,1384,1384,0.00,0.00,100,100,100,100,100,100,200,200,200,200,200,200,560,560,560,560,560,560
ex10,1,73.53,309.50,67.76,68.11,70.67,371.96,1,1,1,1,1,1,2.54,0.00,0,43735,0,0,0,43391,4,11001,4,4,4,10913,4,662508,4,4,4,656675
ex10,2,63.69,82.65,63.87,65.19,62.82,79.33,1,1,1,1,1,1,0.08,0.00,17,0,17,17,17,0,6,4,6,6,6,4,50,4,50,50,50,4
ex10,3,67.77,81.68,70.95,69.23,72.76,81.02,1,1,1,1,1,1,0.06,0.00,0,0,0,0,0,0,4,4,4,4,4,4,4,4,4,4,4,4
ex10,4,71.82,80.76,74.89,78.94,74.60,83.66,1,1,1,1,1,1,0.06,0.00,0,19,0,0,0,19,4,6,4,4,4,6,4,46,4,4,4,46
ex10,5,67.02,85.23,81.32,72.51,74.44,89.93,1,1,1,1,1,1,0.09,0.00,0,10,0,0,0,10,4,6,4,4,4,6,4,28,4,4,4,28
ex9,1,3.19,9.75,3.08,3.09,3.09,10.48,0,1,0,0,0,1,0.03,0.00,0,0,0,0,0,0,0,4,0,0,0,4,0,4,0,0,0,4
ex9,2,4.02,13.02,3.99,3.96,3.97,12.20,0,1,0,0,0,1,0.03,0.00,0,0,0,0,0,0,0,4,0,0,0,4,0,4,0,0,0,4
ex9,3,3.50,8.50,3.56,3.63,3.59,8.11,1,1,1,1,1,1,0.03,0.00,14,12,14,14,14,12,6,6,6,6,6,6,37,33,37,37,37,33
ex9,4,3.42,8.33,3.36,3.53,3.14,8.02,0,1,0,0,0,1,0.03,0.00,0,0,0,0,0,0,0,4,0,0,0,4,0,4,0,0,0,4
ex9,5,3.61,7.95,3.68,3.86,3.98,8.25,0,0,0,0,0,0,0.03,0.00,0,0,0,0,0,0,0,0,0,0,0,0,0,0,0,0,0,0
exp-1-500-5-5,1,4.52,4.51,4.56,4.56,4.54,4.54,1,1,1,1,1,1,0.00,0.01,550,550,550,550,550,550,990,990,990,990,990,990,1980,1980,1980,1980,1980,1980
exp-1-500-5-5,2,6.20,6.31,6.21,6.20,6.19,6.22,5,5,5,5,5,5,0.00,0.02,550,550,550,550,550,550,990,990,990,990,990,990,1980,1980,1980,1980,1980,1980
exp-1-500-5-5,3,4.56,4.68,4.58,4.59,4.59,4.55,1,1,1,1,1,1,0.00,0.02,550,550,550,550,550,550,990,990,990,990,990,990,1980,1980,1980,1980,1980,1980
exp-1-500-5-5,4,3.56,3.60,3.59,3.58,3.58,3.60,1,1,1,1,1,1,0.00,0.01,550,550,550,550,550,550,990,990,990,990,990,990,1980,1980,1980,1980,1980,1980
exp-1-500-5-5,5,5.03,5.09,5.13,5.08,5.13,5.68,1,1,1,1,1,1,0.00,0.02,550,550,550,550,550,550,990,990,990,990,990,990,1980,1980,1980,1980,1980,1980
fast0507,1,378.45,375.74,375.47,379.61,377.92,377.30,1448,1448,1448,1448,1448,1448,0.01,0.02,482,482,482,482,482,482,26114,26114,26114,26114,26114,26114,168578,168578,168578,168578,168578,168578
fast0507,2,710.37,715.33,712.07,707.45,707.72,709.01,2890,2890,2890,2890,2890,2890,0.02,0.03,482,482,482,482,482,482,26114,26114,26114,26114,26114,26114,168578,168578,168578,168578,168578,168578
fast0507,3,417.12,422.66,418.72,420.18,418.51,419.53,1477,1477,1477,1477,1477,1477,0.01,0.01,482,482,482,482,482,482,26114,26114,26114,26114,26114,26114,168578,168578,168578,168578,168578,168578
fast0507,4,451.03,468.56,454.85,453.91,458.30,453.09,1575,1575,1575,1575,1575,1575,0.02,0.02,482,482,482,482,482,482,26114,26114,26114,26114,26114,26114,168578,168578,168578,168578,168578,168578
fast0507,5,890.25,924.77,911.00,915.35,927.92,906.50,3831,3831,3831,3831,3831,3831,0.02,0.02,482,482,482,482,482,482,26114,26114,26114,26114,26114,26114,168578,168578,168578,168578,168578,168578
fastxgemm-n2r6s0t2,1,1893.05,1876.01,1876.47,1873.91,1876.18,1904.26,144518,144518,144518,144518,144518,144518,0.00,0.01,4346,4346,4346,4346,4346,4346,688,688,688,688,688,688,12800,12800,12800,12800,12800,12800
fastxgemm-n2r6s0t2,2,1415.53,1445.02,1417.77,1413.35,1416.54,1416.18,100752,100752,100752,100752,100752,100752,0.00,0.01,4346,4346,4346,4346,4346,4346,688,688,688,688,688,688,12800,12800,12800,12800,12800,12800
fastxgemm-n2r6s0t2,3,5711.95,5817.71,5696.88,5734.75,5708.98,5704.93,331974,331974,331974,331974,331974,331974,0.00,0.02,4346,4346,4346,4346,4346,4346,688,688,688,688,688,688,12800,12800,12800,12800,12800,12800
fastxgemm-n2r6s0t2,4,2923.12,2941.16,2925.44,2937.06,2938.67,2931.01,205120,205120,205120,205120,205120,205120,0.00,0.01,4346,4346,4346,4346,4346,4346,688,688,688,688,688,688,12800,12800,12800,12800,12800,12800
fastxgemm-n2r6s0t2,5,1372.94,1362.36,1366.24,1359.63,1360.13,1358.10,93201,93201,93201,93201,93201,93201,0.00,0.01,4346,4346,4346,4346,4346,4346,688,688,688,688,688,688,12800,12800,12800,12800,12800,12800
fhnw-binpack4-4,1,7200.00,7200.01,7200.00,7200.00,7200.00,7200.00,4634642,4584765,4599841,4605480,4555198,4614197,0.01,0.03,465,465,465,465,465,465,420,420,420,420,420,420,1602,1602,1602,1602,1602,1602
fhnw-binpack4-4,2,7200.01,7200.00,7200.00,7200.00,7200.00,7200.01,4771227,4621826,4768578,4800095,4750903,4734329,0.01,0.03,465,465,465,465,465,465,420,420,420,420,420,420,1602,1602,1602,1602,1602,1602
fhnw-binpack4-4,3,7200.00,7200.00,7200.00,7200.00,7200.00,7200.00,4722549,4723946,4725161,4804322,4748132,4772871,0.01,0.03,465,465,465,465,465,465,420,420,420,420,420,420,1602,1602,1602,1602,1602,1602
fhnw-binpack4-4,4,7200.00,7200.00,7200.00,7200.00,7200.01,7200.00,4799798,4670174,4790328,4725099,4730810,4791160,0.01,0.03,465,465,465,465,465,465,420,420,420,420,420,420,1602,1602,1602,1602,1602,1602
fhnw-binpack4-4,5,7200.00,7200.00,7200.00,7200.00,7200.01,7200.00,4553870,4439327,4544097,4578608,4622992,4531783,0.01,0.03,465,465,465,465,465,465,420,420,420,420,420,420,1602,1602,1602,1602,1602,1602
fhnw-binpack4-48,1,7200.01,7200.01,7200.01,7200.02,7200.03,7200.08,303404,297146,304621,300248,301460,312482,0.13,1.25,4480,4480,4480,4480,4480,4480,3330,3330,3330,3330,3330,3330,16530,16530,16530,16530,16530,16530
fhnw-binpack4-48,2,7200.01,7200.01,7200.01,7200.02,7200.00,7200.03,337743,328736,300035,334355,332556,302502,0.13,1.26,4480,4480,4480,4480,4480,4480,3330,3330,3330,3330,3330,3330,16530,16530,16530,16530,16530,16530
fhnw-binpack4-48,3,7200.00,7200.01,7200.01,7200.01,7200.01,7200.01,295215,286890,313368,295638,293949,309892,0.13,1.24,4480,4480,4480,4480,4480,4480,3330,3330,3330,3330,3330,3330,16530,16530,16530,16530,16530,16530
fhnw-binpack4-48,4,7200.01,7200.02,7200.01,7200.05,7200.04,7200.02,304806,295696,300374,305099,297636,303993,0.13,1.27,4480,4480,4480,4480,4480,4480,3330,3330,3330,3330,3330,3330,16530,16530,16530,16530,16530,16530
fhnw-binpack4-48,5,7200.03,7200.01,7200.01,7200.60,7200.02,7200.25,301209,303184,304769,301325,304443,303599,0.12,1.22,4480,4480,4480,4480,4480,4480,3330,3330,3330,3330,3330,3330,16530,16530,16530,16530,16530,16530
fiball,1,44.26,45.86,44.45,44.86,45.11,44.04,119,119,119,119,119,119,0.01,0.07,2387,2387,2387,2387,2387,2387,32399,32399,32399,32399,32399,32399,99734,99734,99734,99734,99734,99734
fiball,2,44.62,45.75,44.86,45.01,45.26,44.44,146,146,146,146,146,146,0.01,0.07,2387,2387,2387,2387,2387,2387,32399,32399,32399,32399,32399,32399,99734,99734,99734,99734,99734,99734
fiball,3,42.69,43.06,42.96,42.82,43.89,43.25,115,115,115,115,115,115,0.01,0.07,2387,2387,2387,2387,2387,2387,32399,32399,32399,32399,32399,32399,99734,99734,99734,99734,99734,99734
fiball,4,41.16,40.48,40.46,40.90,40.61,40.36,132,132,132,132,132,132,0.01,0.07,2387,2387,2387,2387,2387,2387,32399,32399,32399,32399,32399,32399,99734,99734,99734,99734,99734,99734
fiball,5,64.23,65.65,63.93,64.19,63.42,64.18,450,450,450,450,450,450,0.01,0.07,2387,2387,2387,2387,2387,2387,32399,32399,32399,32399,32399,32399,99734,99734,99734,99734,99734,99734
gen-ip002,1,4217.09,4142.95,4121.87,4141.89,4160.19,4219.06,11204537,11204537,11204537,11204537,11204537,11204537,0.00,0.00,24,24,24,24,24,24,41,41,41,41,41,41,922,922,922,922,922,922
gen-ip002,2,1769.96,1756.59,1766.24,1748.71,1725.38,1789.76,4949026,4949026,4949026,4949026,4949026,4949026,0.00,0.00,24,24,24,24,24,24,41,41,41,41,41,41,922,922,922,922,922,922
gen-ip002,3,2494.00,2643.58,2396.03,2581.45,2507.11,2590.24,6951184,6951184,6951184,6951184,6951184,6951184,0.00,0.00,24,24,24,24,24,24,41,41,41,41,41,41,922,922,922,922,922,922
gen-ip002,4,2826.35,2987.12,2810.16,2914.89,2912.88,2936.61,7905319,7905319,7905319,7905319,7905319,7905319,0.00,0.00,24,24,24,24,24,24,41,41,41,41,41,41,922,922,922,922,922,922
gen-ip002,5,3004.35,3101.43,3056.95,3057.32,3012.94,3076.38,8254787,8254787,8254787,8254787,8254787,8254787,0.00,0.00,24,24,24,24,24,24,41,41,41,41,41,41,922,922,922,922,922,922
gen-ip054,1,1437.56,1492.72,1445.17,1407.94,1447.66,1419.70,5113144,5113144,5113144,5113144,5113144,5113144,0.00,0.00,27,27,27,27,27,27,30,30,30,30,30,30,532,532,532,532,532,532
gen-ip054,2,1647.79,1639.69,1647.75,1614.46,1640.49,1659.92,5787805,5787805,5787805,5787805,5787805,5787805,0.00,0.00,27,27,27,27,27,27,30,30,30,30,30,30,532,532,532,532,532,532
gen-ip054,3,1378.21,1421.88,1384.70,1322.26,1415.95,1403.81,4958834,4958834,4958834,4958834,4958834,4958834,0.00,0.00,27,27,27,27,27,27,30,30,30,30,30,30,532,532,532,532,532,532
gen-ip054,4,1304.48,1303.19,1309.92,1296.43,1317.05,1298.98,4676185,4676185,4676185,4676185,4676185,4676185,0.00,0.00,27,27,27,27,27,27,30,30,30,30,30,30,532,532,532,532,532,532
gen-ip054,5,1408.20,1440.14,1420.29,1341.89,1407.22,1409.66,5024367,5024367,5024367,5024367,5024367,5024367,0.00,0.00,27,27,27,27,27,27,30,30,30,30,30,30,532,532,532,532,532,532
germanrr,1,7200.14,7200.16,7200.01,7200.17,7200.05,7200.03,10894,10894,8852,8083,8105,8852,0.09,0.61,5411,5411,5411,5411,5411,5411,10656,10656,10656,10656,10656,10656,157290,157290,157290,157290,157290,157290
germanrr,2,7200.02,7200.01,7200.03,7200.06,7200.03,7200.03,10226,10038,10548,9870,10045,10548,0.10,0.59,5411,5411,5411,5411,5411,5411,10656,10656,10656,10656,10656,10656,157290,157290,157290,157290,157290,157290
germanrr,3,7200.01,7200.03,7200.01,7200.20,7200.03,7200.01,10253,10148,9906,13102,12458,9812,0.09,0.43,5411,5411,5411,5411,5411,5411,10656,10656,10656,10656,10656,10656,157290,157290,157290,157290,157290,157290
germanrr,4,7200.16,7200.07,7200.01,7200.05,7200.06,7200.02,10340,10238,11742,10226,12886,11739,0.10,0.60,5411,5411,5411,5411,5411,5411,10656,10656,10656,10656,10656,10656,157290,157290,157290,157290,157290,157290
germanrr,5,7200.06,7200.01,7200.06,7200.05,7200.02,7200.13,9246,9120,11677,11928,11162,12069,0.09,0.61,5411,5411,5411,5411,5411,5411,10656,10656,10656,10656,10656,10656,157290,157290,157290,157290,157290,157290
gfd-schedulen180f7d50m30k18,1,6043.14,6201.36,7203.12,5784.44,6195.41,3200.57,2517,2517,2450,2336,2336,682,2.87,570.08,223956,223956,223927,223927,223927,223956,102214,102214,102203,102203,102203,102211,705003,705003,704916,704916,704916,704989
gfd-schedulen180f7d50m30k18,2,3619.34,3775.85,4303.00,2841.97,4121.70,4311.56,1042,1042,1241,736,736,1241,1.92,339.84,223775,223775,223748,223748,223748,223748,102235,102235,102221,102221,102221,102221,704638,704638,704545,704545,704545,704545
gfd-schedulen180f7d50m30k18,3,2887.44,3073.70,3006.43,7200.19,4547.55,2959.21,795,795,750,2414,1387,750,1.88,327.15,223740,223740,223713,223713,223713,223713,102233,102233,102218,102218,102218,102218,704531,704531,704429,704429,704429,704429
gfd-schedulen180f7d50m30k18,4,5488.27,5729.12,4926.39,7202.82,3016.27,4878.82,2149,2149,1340,2535,616,1340,2.74,350.70,224072,224072,224012,224031,224012,224012,102033,102033,102004,102010,102004,102004,705389,705389,705178,705229,705178,705178
gfd-schedulen180f7d50m30k18,5,7200.30,7200.27,7285.40,7200.06,7200.05,7200.28,2918,2767,2306,1863,1863,2306,3.01,627.93,223968,223968,223936,223936,223936,223936,102234,102234,102221,102221,102221,102221,705091,705091,704984,704984,704984,704984
glass-sc,1,7200.00,7200.01,7200.00,7200.00,7200.00,7200.00,232704,232029,233315,233025,232938,232280,0.00,0.08,6119,6119,6119,6119,6119,6119,208,208,208,208,208,208,63891,63891,63891,63891,63891,63891
glass-sc,2,7200.02,7200.00,7200.00,7200.01,7200.00,7200.00,229057,225829,229547,226466,229701,228979,0.00,0.08,6119,6119,6119,6119,6119,6119,208,208,208,208,208,208,63891,63891,63891,63891,63891,63891
glass-sc,3,7200.01,7200.04,7200.00,7200.00,7200.00,7200.02,226870,223370,224471,227788,225845,224399,0.00,0.08,6119,6119,6119,6119,6119,6119,208,208,208,208,208,208,63891,63891,63891,63891,63891,63891
glass-sc,4,7200.00,7200.00,7200.00,7200.01,7200.01,7200.01,228998,226594,230542,230034,226404,228868,0.00,0.08,6119,6119,6119,6119,6119,6119,208,208,208,208,208,208,63891,63891,63891,63891,63891,63891
glass-sc,5,7200.00,7200.00,7200.01,7200.00,7200.00,7200.02,225856,224192,224521,224554,224491,225222,0.00,0.06,6119,6119,6119,6119,6119,6119,208,208,208,208,208,208,63891,63891,63891,63891,63891,63891
glass4,1,1663.39,1609.43,1648.59,1672.37,1662.44,1673.03,1156148,1156148,1156148,1156148,1156148,1156148,0.00,0.02,392,392,392,392,392,392,317,317,317,317,317,317,1799,1799,1799,1799,1799,1799
glass4,2,1039.79,1052.71,1043.70,1041.23,1042.63,1056.76,719279,719279,719279,719279,719279,719279,0.00,0.02,392,392,392,392,392,392,317,317,317,317,317,317,1799,1799,1799,1799,1799,1799
glass4,3,1532.28,1555.96,1541.92,1556.96,1534.38,1549.08,1301435,1301435,1301435,1301435,1301435,1301435,0.00,0.02,392,392,392,392,392,392,317,317,317,317,317,317,1799,1799,1799,1799,1799,1799
glass4,4,1129.70,1161.58,1137.71,1124.82,1135.11,1124.36,915935,915935,915935,915935,915935,915935,0.00,0.02,392,392,392,392,392,392,317,317,317,317,317,317,1799,1799,1799,1799,1799,1799
glass4,5,1655.75,1680.06,1632.12,1663.63,1648.86,1640.53,1027721,1027721,1027721,1027721,1027721,1027721,0.00,0.02,392,392,392,392,392,392,317,317,317,317,317,317,1799,1799,1799,1799,1799,1799
gmu-35-40,1,7200.00,5929.28,4680.22,4498.27,4493.37,6809.89,2024830,1705683,1252121,1312588,1312588,2020384,0.00,0.09,371,370,369,369,369,368,654,654,652,652,652,652,4486,4474,4479,4479,4479,4467
gmu-35-40,2,7200.00,6091.93,4036.49,7200.00,7200.00,7200.00,2064825,1790708,1194512,2174943,2176718,2019092,0.00,0.06,370,369,368,368,368,367,658,658,652,652,652,652,4488,4476,4447,4447,4447,4435
gmu-35-40,3,7200.01,7200.00,5881.37,2900.72,2858.12,7200.00,2020851,2032906,1671519,830830,830830,1924717,0.00,0.07,371,370,369,369,369,368,654,654,652,652,652,652,4486,4474,4479,4479,4479,4467
gmu-35-40,4,7200.00,4715.23,7200.00,3306.73,3290.64,7200.00,1905874,1359681,2552612,906799,906799,2034700,0.00,0.06,371,370,369,369,369,368,654,654,652,652,652,652,4486,4474,4479,4479,4479,4467
gmu-35-40,5,7200.00,1619.08,3449.49,5803.47,5884.02,7200.00,1928291,535644,1059085,1626869,1626869,2170279,0.00,0.03,371,370,369,369,369,368,654,654,652,652,652,652,4486,4474,4479,4479,4479,4467
gmu-35-50,1,6788.56,7200.00,4684.73,7200.00,7200.00,2442.40,1911045,1792582,1376388,1955877,1959830,763753,0.01,0.11,379,375,377,377,377,373,956,956,954,954,954,954,8111,8070,8104,8104,8104,8063
gmu-35-50,2,7200.00,4330.29,7200.01,7200.01,7200.00,7200.00,1948779,1131377,1893516,1759709,1764607,1751669,0.00,0.10,379,375,377,377,377,373,956,956,954,954,954,954,8111,8070,8104,8104,8104,8063
gmu-35-50,3,7038.03,6977.76,7200.00,7200.00,7200.00,7200.00,1840858,1840137,1828917,1816439,1834101,1958239,0.00,0.09,379,375,377,377,377,373,956,956,954,954,954,954,8111,8069,8104,8104,8104,8062
gmu-35-50,4,6337.78,7200.00,5834.34,5804.52,5948.57,7200.00,1833085,1835033,1625861,1585059,1585059,1848886,0.00,0.08,379,375,377,377,377,373,956,956,954,954,954,954,8111,8070,8104,8104,8104,8063
gmu-35-50,5,7193.77,7200.00,2609.08,5845.95,5805.64,4429.12,2025142,1834222,842992,1502253,1502253,1406932,0.01,0.07,379,375,377,377,377,373,956,956,954,954,954,954,8111,8070,8104,8104,8104,8063
graph20-20-1rand,1,3901.70,3976.52,3888.85,3899.11,3893.87,3893.04,29159,29159,29159,29159,29159,29159,0.00,0.03,4810,4810,4810,4810,4810,4810,1961,1961,1961,1961,1961,1961,17020,17020,17020,17020,17020,17020
graph20-20-1rand,2,7200.01,7200.00,7200.00,7200.00,7200.00,7200.00,197413,197762,199245,197518,198528,198737,0.01,0.14,4810,4810,4810,4810,4810,4810,1961,1961,1961,1961,1961,1961,17020,17020,17020,17020,17020,17020
graph20-20-1rand,3,7200.01,7200.00,7200.00,7200.01,7200.01,7200.01,84977,84946,86129,85719,85738,86149,0.01,0.11,4810,4810,4810,4810,4810,4810,1961,1961,1961,1961,1961,1961,17020,17020,17020,17020,17020,17020
graph20-20-1rand,4,7200.01,7200.01,7200.00,7200.00,7200.00,7200.00,217207,216505,216164,217905,217220,216706,0.00,0.04,4810,4810,4810,4810,4810,4810,1961,1961,1961,1961,1961,1961,17020,17020,17020,17020,17020,17020
graph20-20-1rand,5,7200.04,7200.03,7200.01,7200.01,7200.00,7200.00,30517,30517,30496,30600,30643,30689,0.00,0.03,4810,4810,4810,4810,4810,4810,1961,1961,1961,1961,1961,1961,17020,17020,17020,17020,17020,17020
graphdraw-domain,1,1198.35,1261.83,1193.96,1213.14,1195.88,1197.86,418409,418409,418409,418409,418409,418409,0.00,0.01,865,865,865,865,865,865,254,254,254,254,254,254,2600,2600,2600,2600,2600,2600
graphdraw-domain,2,1031.28,1052.75,1027.00,1022.61,1043.16,1034.73,355259,355259,355259,355259,355259,355259,0.00,0.01,865,865,865,865,865,865,254,254,254,254,254,254,2600,2600,2600,2600,2600,2600
graphdraw-domain,3,1233.37,1216.85,1219.08,1222.66,1212.02,1218.66,410756,410756,410756,410756,410756,410756,0.00,0.02,865,865,865,865,865,865,254,254,254,254,254,254,2600,2600,2600,2600,2600,2600
graphdraw-domain,4,986.76,986.79,992.61,983.27,996.90,988.31,349654,349654,349654,349654,349654,349654,0.00,0.01,865,865,865,865,865,865,254,254,254,254,254,254,2600,2600,2600,2600,2600,2600
graphdraw-domain,5,1331.92,1340.88,1351.56,1325.94,1338.12,1351.74,443949,443949,443949,443949,443949,443949,0.00,0.01,865,865,865,865,865,865,254,254,254,254,254,254,2600,2600,2600,2600,2600,2600
h80x6320d,1,16.86,17.45,20.09,17.15,19.65,20.07,11,11,17,11,17,17,0.03,0.38,6332,6332,6332,6332,6332,6332,12414,12414,12414,12414,12414,12414,31069,31069,31069,31069,31069,31069
h80x6320d,2,22.60,23.42,26.02,22.69,21.75,25.98,19,19,13,11,15,13,0.03,0.40,6332,6332,6332,6332,6332,6332,12414,12414,12414,12414,12414,12414,31069,31069,31069,31069,31069,31069
h80x6320d,3,21.83,22.41,19.32,22.68,19.43,19.01,15,15,20,15,20,20,0.03,0.38,6332,6332,6332,6332,6332,6332,12414,12414,12414,12414,12414,12414,31069,31069,31069,31069,31069,31069
h80x6320d,4,22.06,23.15,20.44,22.54,19.45,20.67,13,13,15,13,13,15,0.04,0.39,6332,6332,6332,6332,6332,6332,12414,12414,12414,12414,12414,12414,31069,31069,31069,31069,31069,31069
h80x6320d,5,20.07,20.27,20.83,20.22,20.16,20.65,17,17,17,17,17,17,0.03,0.38,6332,6332,6332,6332,6332,6332,12414,12414,12414,12414,12414,12414,31069,31069,31069,31069,31069,31069
highschool1-aigio,1,7200.08,7200.03,7200.06,7200.03,7200.03,7200.65,268,256,198,251,267,209,0.34,4.52,24739,24739,24739,24739,24739,24739,37085,37085,37085,37085,37085,37085,292119,292119,292119,292119,292119,292119
highschool1-aigio,2,7200.40,7200.38,7200.06,7214.65,7200.42,7200.59,202,202,205,202,202,204,0.40,4.46,24740,24740,24740,24740,24740,24740,37085,37085,37085,37085,37085,37085,292202,292202,292202,292202,292202,292202
highschool1-aigio,3,7200.67,7200.68,7200.06,7200.64,7200.67,7200.03,204,204,426,204,204,411,0.39,3.89,24735,24735,24735,24735,24735,24735,37085,37085,37085,37085,37085,37085,292073,292073,292073,292073,292073,292073
highschool1-aigio,4,7200.92,7200.65,7200.13,7200.99,7200.95,7200.09,497,497,185,497,497,186,0.39,3.87,24738,24738,24738,24738,24738,24738,37086,37086,37086,37086,37086,37086,292226,292226,292226,292226,292226,292226
highschool1-aigio,5,7200.39,7200.28,7200.87,7200.57,7200.57,7200.92,206,206,212,206,206,212,0.39,3.83,24743,24743,24743,24743,24743,24743,37086,37086,37086,37086,37086,37086,292098,292098,292098,292098,292098,292098
hypothyroid-k1,1,14.97,15.09,24.36,23.47,23.64,24.00,1,1,1,1,1,1,0.03,8.82,5189,5189,5189,5189,5189,5189,2595,2595,2595,2595,2595,2595,431326,431326,431326,431326,431326,431326
hypothyroid-k1,2,15.54,15.18,24.05,23.61,23.33,24.21,1,1,1,1,1,1,0.04,8.81,5189,5189,5189,5189,5189,5189,2595,2595,2595,2595,2595,2595,431326,431326,431326,431326,431326,431326
hypothyroid-k1,3,15.29,15.39,24.24,23.67,23.51,24.17,1,1,1,1,1,1,0.04,8.82,5189,5189,5189,5189,5189,5189,2595,2595,2595,2595,2595,2595,431326,431326,431326,431326,431326,431326
hypothyroid-k1,4,15.38,16.10,24.32,23.75,23.78,29.65,1,1,1,1,1,1,0.04,8.81,5189,5189,5189,5189,5189,5189,2595,2595,2595,2595,2595,2595,431326,431326,431326,431326,431326,431326
hypothyroid-k1,5,15.09,15.17,24.18,23.22,23.10,24.09,1,1,1,1,1,1,0.04,8.82,5189,5189,5189,5189,5189,5189,2595,2595,2595,2595,2595,2595,431326,431326,431326,431326,431326,431326
ic97_potential,1,7200.02,7200.00,7200.00,7200.01,7200.01,7200.00,760519,739744,946482,745156,745048,947007,0.00,0.07,522,522,522,522,522,522,726,726,726,726,726,726,1566,1566,1566,1566,1566,1566
ic97_potential,2,7200.00,7200.00,7200.02,7200.04,7200.00,7200.01,666902,668270,752849,672352,672032,753873,0.00,0.05,522,522,522,522,522,522,726,726,726,726,726,726,1566,1566,1566,1566,1566,1566
ic97_potential,3,7200.00,7200.00,7200.00,7200.00,7200.03,7200.02,809099,780979,759342,814830,816457,762863,0.00,0.05,522,522,522,522,522,522,726,726,726,726,726,726,1566,1566,1566,1566,1566,1566
ic97_potential,4,7200.03,7200.02,7200.05,7200.02,7200.00,7200.01,887622,882086,759714,888483,900374,763625,0.00,0.06,522,522,522,522,522,522,726,726,726,726,726,726,1566,1566,1566,1566,1566,1566
ic97_potential,5,7200.05,7200.04,7200.04,7200.03,7200.00,7200.04,673763,667747,678551,670085,677668,678269,0.00,0.06,522,522,522,522,522,522,726,726,726,726,726,726,1566,1566,1566,1566,1566,1566
icir97_tension,1,2020.01,1994.29,1197.09,2028.54,2023.71,1207.98,116258,116258,59028,116258,116258,59028,0.00,0.05,854,854,854,854,854,854,1917,1917,1917,1917,1917,1917,15891,15891,15891,15891,15891,15891
icir97_tension,2,2434.96,2413.36,2244.40,2430.04,2428.74,2246.13,138104,138104,110256,138104,138104,110256,0.00,0.06,854,854,854,854,854,854,1917,1917,1917,1917,1917,1917,15891,15891,15891,15891,15891,15891
icir97_tension,3,1454.28,1451.84,1351.53,1455.32,1444.67,1355.15,87697,87697,66803,87697,87697,66803,0.00,0.06,854,854,854,854,854,854,1917,1917,1917,1917,1917,1917,15891,15891,15891,15891,15891,15891
icir97_tension,4,1913.60,1956.77,2362.91,1916.06,1928.84,2390.15,79358,79358,128680,79358,79358,128680,0.00,0.07,854,854,854,854,854,854,1917,1917,1917,1917,1917,1917,15891,15891,15891,15891,15891,15891
icir97_tension,5,1226.23,1229.41,3356.37,1224.79,1237.10,3426.32,57005,57005,201866,57005,57005,201866,0.00,0.08,854,854,854,854,854,854,1917,1917,1917,1917,1917,1917,15891,15891,15891,15891,15891,15891
irish-electricity,1,7200.03,7200.19,7200.04,7200.15,7200.02,7200.03,9864,9076,10642,9104,8726,8541,0.84,9.41,48188,48188,47054,47054,47054,47054,29651,29651,29307,29307,29307,29307,275956,275956,262072,262072,262072,262072
irish-electricity,2,7200.56,7200.07,7200.02,7200.05,7200.04,7200.07,7999,8288,13151,9382,8913,11760,0.60,8.33,48264,48264,47111,47111,47111,47111,29700,29700,29343,29343,29343,29343,276365,276365,262074,262074,262074,262074
irish-electricity,3,7200.13,7200.18,7200.03,7200.06,7200.07,7200.07,8554,7316,8121,12794,12794,10144,0.68,5.32,48084,48084,46961,46961,46961,46961,29593,29593,29256,29256,29256,29256,274238,274238,260772,260772,260772,260772
irish-electricity,4,7200.02,7200.02,7200.04,7200.47,7200.02,7200.81,9874,10990,11012,7810,8420,9246,1.29,7.88,48169,48169,47026,47026,47026,47026,29646,29646,29297,29297,29297,29297,275290,275290,261507,261507,261507,261507
irish-electricity,5,7200.17,7200.48,7200.07,7200.04,7200.04,7200.02,12335,9537,9579,12365,12365,12045,1.09,5.82,48185,48185,47026,47026,47026,47026,29647,29647,29288,29288,29288,29288,275032,275032,261044,261044,261044,261044
irp,1,26.45,26.49,26.96,26.95,26.52,26.98,1,1,1,1,1,1,0.02,0.09,39,39,39,39,39,39,19370,19370,19370,19370,19370,19370,93161,93161,93161,93161,93161,93161
irp,2,20.38,20.02,20.37,20.02,20.16,20.22,1,1,1,1,1,1,0.02,0.09,39,39,39,39,39,39,19370,19370,19370,19370,19370,19370,93161,93161,93161,93161,93161,93161
irp,3,42.12,42.79,42.46,42.21,42.69,43.07,1,1,1,1,1,1,0.03,0.34,39,39,39,39,39,39,19370,19370,19370,19370,19370,19370,93161,93161,93161,93161,93161,93161
irp,4,31.72,32.98,33.83,32.01,32.11,33.20,1,1,1,1,1,1,0.02,0.53,39,39,39,39,39,39,19370,19370,19370,19370,19370,19370,93161,93161,93161,93161,93161,93161
irp,5,29.09,29.16,28.79,28.91,29.16,28.86,1,1,1,1,1,1,0.02,0.06,39,39,39,39,39,39,19370,19370,19370,19370,19370,19370,93161,93161,93161,93161,93161,93161
istanbul-no-cutoff,1,491.08,493.20,492.69,499.25,493.74,489.94,1530,1530,1530,1530,1530,1530,0.01,0.90,18623,18623,18623,18623,18623,18623,4796,4796,4796,4796,4796,4796,63054,63054,63054,63054,63054,63054
istanbul-no-cutoff,2,567.84,563.29,564.76,564.60,566.14,563.03,1677,1677,1677,1677,1677,1677,0.00,0.89,18621,18621,18621,18621,18621,18621,4794,4794,4794,4794,4794,4794,63054,63054,63054,63054,63054,63054
istanbul-no-cutoff,3,732.79,764.02,733.39,735.42,738.77,730.79,1867,1867,1867,1867,1867,1867,0.00,0.90,18621,18621,18621,18621,18621,18621,4794,4794,4794,4794,4794,4794,63054,63054,63054,63054,63054,63054
istanbul-no-cutoff,4,533.20,551.04,535.44,533.11,529.76,531.56,1661,1661,1661,1661,1661,1661,0.01,1.03,18623,18623,18623,18623,18623,18623,4796,4796,4796,4796,4796,4796,63054,63054,63054,63054,63054,63054
istanbul-no-cutoff,5,472.51,474.22,471.50,470.42,468.81,472.32,1666,1666,1666,1666,1666,1666,0.00,0.91,18623,18623,18623,18623,18623,18623,4796,4796,4796,4796,4796,4796,63054,63054,63054,63054,63054,63054
k1mushroom,1,666.39,690.62,752.53,809.69,812.68,750.53,1,1,1,1,1,1,0.85,111.53,14468,14468,14468,14468,14468,14468,5265,5265,5265,5265,5265,5265,1552314,1552314,1552314,1552314,1552314,1552314
k1mushroom,2,443.88,446.39,541.25,591.76,594.21,536.34,1,1,0,1,1,0,0.71,111.19,14456,14456,14456,14456,14456,14456,5265,5265,5265,5265,5265,5265,1551474,1551474,1551474,1551474,1551474,1551474
k1mushroom,3,457.21,459.16,518.61,592.09,601.55,517.20,1,1,0,1,1,0,0.76,112.74,14458,14458,14458,14458,14458,14458,5265,5265,5265,5265,5265,5265,1551614,1551614,1551614,1551614,1551614,1551614
k1mushroom,4,493.40,511.11,554.89,634.09,625.98,546.77,1,1,1,1,1,1,0.76,110.96,14462,14462,14462,14462,14462,14462,5265,5265,5265,5265,5265,5265,1551894,1551894,1551894,1551894,1551894,1551894
k1mushroom,5,471.01,466.53,549.40,600.69,597.52,537.90,1,1,0,1,1,0,0.78,111.39,14462,14462,14462,14462,14462,14462,5265,5265,5265,5265,5265,5265,1551894,1551894,1551894,1551894,1551894,1551894
lectsched-5-obj,1,7200.02,7200.04,7200.04,7200.23,7200.03,7200.01,103505,102786,108102,103154,103159,108758,0.16,3.37,12826,12826,12826,12826,12826,12826,7220,7220,7220,7220,7220,7220,53004,53004,53004,53004,53004,53004
lectsched-5-obj,2,7200.07,7200.04,7200.01,7200.01,7200.02,7200.03,73521,72160,106304,72691,72957,104074,0.16,3.44,12807,12807,12807,12807,12807,12807,7217,7217,7217,7217,7217,7217,52961,52961,52961,52961,52961,52961
lectsched-5-obj,3,7200.02,7200.02,7200.01,7200.02,7200.05,7200.48,97185,96434,72820,95927,96574,73390,0.16,3.40,12813,12813,12813,12813,12813,12813,7218,7218,7218,7218,7218,7218,52974,52974,52974,52974,52974,52974
lectsched-5-obj,4,7200.01,7200.03,7200.10,7200.03,7200.01,7200.06,109602,106932,90011,110005,107015,91659,0.18,3.05,12847,12847,12847,12847,12847,12847,7215,7215,7215,7215,7215,7215,53045,53045,53045,53045,53045,53045
lectsched-5-obj,5,7200.08,7200.06,7200.01,7200.03,7200.07,7200.01,97011,97011,107494,97685,97011,111134,0.17,3.90,12829,12829,12829,12829,12829,12829,7218,7218,7218,7218,7218,7218,53028,53028,53028,53028,53028,53028
leo1,1,7200.01,7200.03,7200.01,7200.03,7200.02,7200.02,192314,188534,208848,194076,186076,203957,1.11,19.29,565,565,565,565,565,565,6730,6730,6730,6730,6730,6730,107443,107443,107443,107443,107443,107443
leo1,2,7200.04,7200.02,7200.02,7200.03,7200.05,7200.02,191386,191292,178430,191386,191386,174659,1.09,22.52,565,565,565,565,565,565,6730,6730,6730,6730,6730,6730,107443,107443,107443,107443,107443,107443
leo1,3,7200.02,7200.05,7200.05,7200.05,7200.01,7200.02,207066,202160,196824,186738,191603,190722,0.94,14.83,565,565,565,565,565,565,6730,6730,6730,6730,6730,6730,107443,107443,107443,107443,107443,107443
leo1,4,7200.04,7200.04,7200.03,7200.04,7200.04,7200.01,194743,191503,232484,198843,204860,218651,0.65,30.95,565,565,565,565,565,565,6730,6730,6730,6730,6730,6730,107443,107443,107443,107443,107443,107443
leo1,5,7200.01,7200.02,7200.03,7200.04,7200.02,7200.08,196832,199643,200667,198992,197073,209194,0.63,29.91,565,565,565,565,565,565,6730,6730,6730,6730,6730,6730,107443,107443,107443,107443,107443,107443
leo2,1,7200.04,7200.04,7200.04,7200.05,7200.14,7200.03,133349,126471,144520,128633,128781,145923,1.80,42.11,581,581,581,581,581,581,11098,11098,11098,11098,11098,11098,200488,200488,200488,200488,200488,200488
leo2,2,7200.03,7200.06,7200.04,7200.04,7200.03,7200.05,138995,135125,127426,135046,137387,135089,2.41,58.17,581,581,581,581,581,581,11098,11098,11098,11098,11098,11098,200488,200488,200488,200488,200488,200488
leo2,3,7200.03,7200.05,7200.03,7200.01,7200.10,7200.04,138572,129998,143797,131955,131852,144793,2.10,49.03,581,581,581,581,581,581,11098,11098,11098,11098,11098,11098,200488,200488,200488,200488,200488,200488
leo2,4,7200.15,7200.08,7200.07,7200.01,7200.03,7200.06,162811,161152,139178,158229,155416,142578,2.00,27.92,581,581,581,581,581,581,11098,11098,11098,11098,11098,11098,200488,200488,200488,200488,200488,200488
leo2,5,7200.03,7200.04,7200.05,7200.02,7200.16,7200.03,145498,145498,139307,130489,145498,139035,2.12,45.38,581,581,581,581,581,581,11098,11098,11098,11098,11098,11098,200488,200488,200488,200488,200488,200488
lotsize,1,1385.69,2002.13,1373.28,1392.68,1393.67,2284.49,18879,34082,18736,18879,18879,38537,0.01,0.02,1920,1920,1920,1920,1920,1920,2985,2985,2985,2985,2985,2985,6565,6565,6565,6565,6565,6565
lotsize,2,1721.90,1199.71,1719.55,1718.63,1718.07,1202.10,23260,13700,23260,23260,23260,13700,0.00,0.03,1920,1920,1920,1920,1920,1920,2985,2985,2985,2985,2985,2985,6565,6565,6565,6565,6565,6565
lotsize,3,1633.74,1524.16,1801.31,1643.36,1642.39,1507.70,22853,20150,24784,22853,22853,20150,0.01,0.09,1920,1920,1920,1920,1920,1920,2985,2985,2985,2985,2985,2985,6565,6565,6565,6565,6565,6565
lotsize,4,2738.24,1741.05,1680.18,2750.70,2763.39,1424.67,38045,24491,21149,38045,38045,20013,0.02,0.03,1920,1920,1920,1920,1920,1920,2985,2985,2985,2985,2985,2985,6565,6565,6565,6565,6565,6565
lotsize,5,1359.35,1377.94,1336.60,1366.48,1375.94,1358.47,17894,17894,17414,17894,17894,17414,0.01,0.04,1920,1920,1920,1920,1920,1920,2985,2985,2985,2985,2985,2985,6565,6565,6565,6565,6565,6565
mad,1,7200.00,7200.00,7200.00,7200.00,7200.00,7200.00,7489501,7316071,7206315,7449922,7644568,7221119,0.00,0.01,40,40,40,40,40,40,220,220,220,220,220,220,2174,2174,2174,2174,2174,2174
mad,2,7200.00,7200.00,7200.01,7200.00,7200.00,7200.00,7241695,7322743,6985755,7262646,7266986,7150136,0.00,0.01,40,40,40,40,40,40,220,220,220,220,220,220,2174,2174,2174,2174,2174,2174
mad,3,7200.00,7200.00,7200.00,7200.00,7200.00,7200.00,7170081,6873921,7393853,6944371,6898639,7325890,0.00,0.02,40,40,40,40,40,40,220,220,220,220,220,220,2174,2174,2174,2174,2174,2174
mad,4,7200.00,7200.00,7200.00,7200.00,7200.00,7200.01,7168248,6991516,7143428,7289584,7139504,7061054,0.00,0.02,40,40,40,40,40,40,220,220,220,220,220,220,2174,2174,2174,2174,2174,2174
mad,5,7200.00,7200.00,7200.00,7200.00,7200.01,7200.00,7391062,7491136,6927540,7482671,7371882,6912364,0.00,0.02,40,40,40,40,40,40,220,220,220,220,220,220,2174,2174,2174,2174,2174,2174
map10,1,1913.53,1887.02,1922.33,1910.85,1896.60,1913.87,1964,1964,1964,1964,1964,1964,0.12,0.04,29198,29198,29198,29198,29198,29198,14348,14348,14348,14348,14348,14348,64871,64871,64871,64871,64871,64871
map10,2,1208.06,1211.13,1188.64,1199.35,1200.42,1193.77,711,711,711,711,711,711,0.13,0.04,29198,29198,29198,29198,29198,29198,14348,14348,14348,14348,14348,14348,64871,64871,64871,64871,64871,64871
map10,3,1546.29,1532.11,1532.91,1537.30,1534.47,1534.56,1115,1115,1115,1115,1115,1115,0.13,0.04,29198,29198,29198,29198,29198,29198,14348,14348,14348,14348,14348,14348,64871,64871,64871,64871,64871,64871
map10,4,1235.70,1273.23,1236.29,1240.40,1229.13,1225.38,782,782,782,782,782,782,0.12,0.04,29198,29198,29198,29198,29198,29198,14348,14348,14348,14348,14348,14348,64871,64871,64871,64871,64871,64871
map10,5,1710.38,1727.01,1723.27,1719.68,1718.13,1714.33,1266,1266,1266,1266,1266,1266,0.13,0.04,29198,29198,29198,29198,29198,29198,14348,14348,14348,14348,14348,14348,64871,64871,64871,64871,64871,64871
map16715-04,1,4546.96,4545.04,4610.85,4553.33,4593.55,4548.17,1777,1777,1777,1777,1777,1777,0.12,0.04,29198,29198,29198,29198,29198,29198,14348,14348,14348,14348,14348,14348,64871,64871,64871,64871,64871,64871
map16715-04,2,4284.55,4229.41,4239.34,4266.66,4252.74,4242.92,1914,1914,1914,1914,1914,1914,0.13,0.04,29198,29198,29198,29198,29198,29198,14348,14348,14348,14348,14348,14348,64871,64871,64871,64871,64871,64871
map16715-04,3,6314.49,6382.42,6364.95,6294.45,6301.19,6295.50,2425,2425,2425,2425,2425,2425,0.14,0.04,29198,29198,29198,29198,29198,29198,14348,14348,14348,14348,14348,14348,64871,64871,64871,64871,64871,64871
map16715-04,4,5307.25,5380.30,5305.78,5275.19,5283.06,5298.87,3071,3071,3071,3071,3071,3071,0.14,0.04,29198,29198,29198,29198,29198,29198,14348,14348,14348,14348,14348,14348,64871,64871,64871,64871,64871,64871
map16715-04,5,4719.34,4807.03,4701.69,4739.72,4765.90,4765.98,2038,2038,2038,2038,2038,2038,0.13,0.04,29198,29198,29198,29198,29198,29198,14348,14348,14348,14348,14348,14348,64871,64871,64871,64871,64871,64871
markshare2,1,7200.00,7200.00,7200.00,7200.00,7200.00,7200.00,9664082,9776784,9685367,9823547,9432966,9831289,0.00,0.00,7,7,7,7,7,7,67,67,67,67,67,67,427,427,427,427,427,427
markshare2,2,7200.00,7200.00,7200.00,7200.00,7200.00,7200.00,9244619,9418164,9304039,9343497,9379578,9279821,0.00,0.00,7,7,7,7,7,7,67,67,67,67,67,67,427,427,427,427,427,427
markshare2,3,7200.00,7200.00,7200.00,7200.00,7200.00,7200.00,9963920,9453286,9634970,9576964,9633513,9603603,0.00,0.00,7,7,7,7,7,7,67,67,67,67,67,67,427,427,427,427,427,427
markshare2,4,7200.00,7200.00,7200.01,7200.00,7200.00,7200.00,9478840,9648152,9479703,9461047,9647270,9483907,0.00,0.00,7,7,7,7,7,7,67,67,67,67,67,67,427,427,427,427,427,427
markshare2,5,7200.00,7200.00,7200.00,7200.00,7200.00,7200.00,9363132,9357251,9239958,9551278,9245106,9212956,0.00,0.00,7,7,7,7,7,7,67,67,67,67,67,67,427,427,427,427,427,427
markshare_4_0,1,250.55,250.98,245.98,245.67,245.82,250.01,1433123,1433123,1433123,1433123,1433123,1433123,0.00,0.00,4,4,4,4,4,4,34,34,34,34,34,34,123,123,123,123,123,123
markshare_4_0,2,248.76,253.35,247.24,239.14,238.63,242.85,1418904,1418904,1418904,1418904,1418904,1418904,0.00,0.00,4,4,4,4,4,4,34,34,34,34,34,34,123,123,123,123,123,123
markshare_4_0,3,259.89,268.62,266.69,272.48,272.00,273.19,1565726,1565726,1565726,1565726,1565726,1565726,0.00,0.00,4,4,4,4,4,4,34,34,34,34,34,34,123,123,123,123,123,123
markshare_4_0,4,285.06,278.88,289.89,270.87,272.41,273.15,1601258,1601258,1601258,1601258,1601258,1601258,0.00,0.00,4,4,4,4,4,4,34,34,34,34,34,34,123,123,123,123,123,123
markshare_4_0,5,171.22,174.84,171.73,174.34,175.64,171.23,1030741,1030741,1030741,1030741,1030741,1030741,0.00,0.00,4,4,4,4,4,4,34,34,34,34,34,34,123,123,123,123,123,123
mas74,1,2347.90,2415.37,2341.60,2328.70,2355.31,2417.70,3925168,3925168,3925168,3925168,3925168,3925168,0.00,0.00,13,13,13,13,13,13,148,148,148,148,148,148,1682,1682,1682,1682,1682,1682
mas74,2,2128.98,2212.98,2088.62,2094.93,2098.23,2094.11,3447824,3447824,3447824,3447824,3447824,3447824,0.00,0.00,13,13,13,13,13,13,148,148,148,148,148,148,1682,1682,1682,1682,1682,1682
mas74,3,1971.44,2024.87,2014.86,2036.21,2017.96,2005.96,3454995,3454995,3454995,3454995,3454995,3454995,0.00,0.00,13,13,13,13,13,13,148,148,148,148,148,148,1682,1682,1682,1682,1682,1682
mas74,4,2021.45,2034.83,2051.60,1967.12,2014.17,1956.06,3437656,3437656,3437656,3437656,3437656,3437656,0.00,0.00,13,13,13,13,13,13,148,148,148,148,148,148,1682,1682,1682,1682,1682,1682
mas74,5,1950.64,2038.12,1966.69,1954.99,1913.97,1956.65,3251819,3251819,3251819,3251819,3251819,3251819,0.00,0.00,13,13,13,13,13,13,148,148,148,148,148,148,1682,1682,1682,1682,1682,1682
mas76,1,187.64,189.58,183.93,187.57,188.11,186.22,345893,345893,345893,345893,345893,345893,0.00,0.00,12,12,12,12,12,12,148,148,148,148,148,148,1615,1615,1615,1615,1615,1615
mas76,2,78.31,78.59,77.83,76.72,77.71,76.33,123008,123008,123008,123008,123008,123008,0.00,0.00,12,12,12,12,12,12,148,148,148,148,148,148,1615,1615,1615,1615,1615,1615
mas76,3,123.06,128.17,124.55,125.03,123.50,122.73,226242,226242,226242,226242,226242,226242,0.00,0.00,12,12,12,12,12,12,148,148,148,148,148,148,1615,1615,1615,1615,1615,1615
mas76,4,163.90,165.59,162.77,167.27,167.03,162.03,304931,304931,304931,304931,304931,304931,0.00,0.00,12,12,12,12,12,12,148,148,148,148,148,148,1615,1615,1615,1615,1615,1615
mas76,5,171.55,178.05,172.41,175.57,171.35,172.56,313632,313632,313632,313632,313632,313632,0.00,0.00,12,12,12,12,12,12,148,148,148,148,148,148,1615,1615,1615,1615,1615,1615
mc11,1,64.21,67.81,64.65,64.77,65.58,68.28,1453,1348,1453,1453,1453,1348,0.00,0.00,1920,1916,1920,1920,1920,1916,3040,3034,3040,3040,3040,3034,6080,6074,6080,6080,6080,6074
mc11,2,70.37,45.18,71.48,71.62,71.81,43.82,1274,430,1274,1274,1274,430,0.00,0.00,1917,1916,1917,1917,1917,1916,3035,3034,3035,3035,3035,3034,6070,6074,6070,6070,6070,6074
mc11,3,55.99,61.92,55.96,54.81,55.40,61.67,783,1101,783,783,783,1101,0.00,0.00,1920,1916,1920,1920,1920,1916,3040,3034,3040,3040,3040,3034,6080,6074,6080,6080,6080,6074
mc11,4,56.90,54.31,57.92,58.68,57.25,51.38,895,761,895,895,895,761,0.00,0.00,1920,1916,1920,1920,1920,1916,3040,3034,3040,3040,3040,3034,6080,6074,6080,6080,6080,6074
mc11,5,69.00,39.13,68.69,69.53,68.03,29.33,1687,589,1687,1687,1687,178,0.01,0.00,1920,1916,1920,1920,1920,1916,3040,3034,3040,3040,3040,3034,6080,6074,6080,6080,6080,6074
mcsched,1,502.17,509.07,636.54,506.16,502.36,637.82,17419,17419,24040,17419,17419,24040,0.02,0.02,1852,1852,1852,1852,1852,1852,1494,1494,1494,1494,1494,1494,4591,4591,4591,4591,4591,4591
mcsched,2,482.03,481.34,563.29,481.02,481.78,561.86,17490,17490,22053,17490,17490,22053,0.04,0.04,1852,1852,1852,1852,1852,1852,1494,1494,1494,1494,1494,1494,4591,4591,4591,4591,4591,4591
mcsched,3,514.38,518.40,496.16,513.38,514.41,493.51,18180,18180,18008,18180,18180,18008,0.02,0.05,1852,1852,1852,1852,1852,1852,1494,1494,1494,1494,1494,1494,4591,4591,4591,4591,4591,4591
mcsched,4,547.57,560.63,417.27,563.09,557.05,413.72,20917,20917,16001,20917,20917,16001,0.02,0.04,1852,1852,1852,1852,1852,1852,1494,1494,1494,1494,1494,1494,4591,4591,4591,4591,4591,4591
mcsched,5,667.79,666.14,572.89,666.52,674.87,570.05,24642,24642,21034,24642,24642,21034,0.02,0.04,1852,1852,1852,1852,1852,1852,1494,1494,1494,1494,1494,1494,4591,4591,4591,4591,4591,4591
mik-250-20-75-4,1,21.19,21.06,20.94,21.25,20.95,21.13,5034,5034,5034,5034,5034,5034,0.00,0.00,75,75,75,75,75,75,253,253,253,253,253,253,7875,7875,7875,7875,7875,7875
mik-250-20-75-4,2,22.98,22.90,22.97,22.92,23.09,23.07,5459,5459,5459,5459,5459,5459,0.00,0.00,75,75,75,75,75,75,253,253,253,253,253,253,7875,7875,7875,7875,7875,7875
mik-250-20-75-4,3,22.52,22.92,22.75,22.81,22.79,22.68,5042,5042,5042,5042,5042,5042,0.00,0.00,75,75,75,75,75,75,253,253,253,253,253,253,7875,7875,7875,7875,7875,7875
mik-250-20-75-4,4,15.60,15.72,15.40,15.44,15.37,15.40,4416,4416,4416,4416,4416,4416,0.00,0.00,75,75,75,75,75,75,253,253,253,253,253,253,7875,7875,7875,7875,7875,7875
mik-250-20-75-4,5,22.56,22.72,22.50,22.41,22.37,22.86,5880,5880,5880,5880,5880,5880,0.00,0.00,75,75,75,75,75,75,253,253,253,253,253,253,7875,7875,7875,7875,7875,7875
milo-v12-6-r2-40-1,1,4181.01,1679.67,1564.30,4173.83,4187.83,1404.15,89101,42344,36089,89101,89101,36003,0.01,0.03,3893,3893,3893,3893,3893,3893,1641,1641,1641,1641,1641,1641,12628,12628,12628,12628,12628,12628
milo-v12-6-r2-40-1,2,6916.69,1805.94,1705.98,6940.66,6964.14,1464.87,141680,45615,36450,141680,141680,34475,0.01,0.01,3893,3893,3893,3893,3893,3893,1641,1641,1641,1641,1641,1641,12628,12628,12628,12628,12628,12628
milo-v12-6-r2-40-1,3,3453.52,3187.28,2179.96,3475.55,3477.87,2021.42,70585,62510,48249,70585,70585,41812,0.01,0.03,3893,3893,3893,3893,3893,3893,1641,1641,1641,1641,1641,1641,12628,12628,12628,12628,12628,12628
milo-v12-6-r2-40-1,4,4106.54,2441.44,1004.82,4102.46,4094.37,2326.16,94869,63973,22870,94869,94869,47099,0.01,0.03,3893,3893,3893,3893,3893,3893,1641,1641,1641,1641,1641,1641,12628,12628,12628,12628,12628,12628
milo-v12-6-r2-40-1,5,2676.23,6652.69,1554.23,2685.02,2687.42,2491.60,54947,122093,37588,54947,54947,50087,0.01,0.04,3893,3893,3893,3893,3893,3893,1641,1641,1641,1641,1641,1641,12628,12628,12628,12628,12628,12628
momentum1,1,7200.01,7200.23,7200.02,7200.02,7200.14,7200.02,5072,20306,12878,5521,13353,9377,0.14,1.25,9916,9950,9916,9916,9916,9950,2686,2686,2686,2686,2686,2686,45736,45807,45736,45736,45736,45807
momentum1,2,7200.01,7200.12,7200.13,7200.01,7200.02,7200.02,15575,24972,14440,15575,21478,8787,0.07,1.29,9955,9962,9955,9955,9955,9962,2686,2686,2686,2686,2686,2686,46464,46044,46464,46464,46464,46044
momentum1,3,7200.03,7200.07,7200.02,7200.24,7200.02,7200.16,17979,10977,20916,18006,7966,16524,0.19,0.93,9924,9941,9924,9924,9924,9941,2685,2685,2685,2685,2685,2685,45974,45808,45974,45974,45974,45808
momentum1,4,7200.01,7200.08,7200.01,7200.10,7200.01,7200.01,13915,14572,6258,14310,4316,19492,0.19,0.58,9925,9978,9925,9925,9925,9978,2686,2684,2686,2686,2686,2684,45880,46389,45880,45880,45880,46389
momentum1,5,7200.01,7200.02,7200.01,7200.59,7200.07,7200.03,24053,21650,5985,24055,19815,12337,0.19,0.91,9923,9946,9923,9923,9923,9946,2685,2685,2685,2685,2685,2685,45962,45880,45962,45962,45962,45880
mushroom-best,1,326.11,322.98,324.64,318.74,321.36,321.52,3987,3987,3987,3987,3987,3987,0.01,0.07,8444,8444,8444,8444,8444,8444,8420,8420,8420,8420,8420,8420,180228,180228,180228,180228,180228,180228
mushroom-best,2,366.11,382.11,357.83,359.38,360.80,360.21,4762,4762,4762,4762,4762,4762,0.01,0.07,8444,8444,8444,8444,8444,8444,8420,8420,8420,8420,8420,8420,180228,180228,180228,180228,180228,180228
mushroom-best,3,276.78,281.71,281.66,281.93,281.50,284.14,2955,2955,2955,2955,2955,2955,0.01,0.07,8444,8444,8444,8444,8444,8444,8420,8420,8420,8420,8420,8420,180228,180228,180228,180228,180228,180228
mushroom-best,4,232.15,233.93,230.99,239.10,232.78,231.78,2077,2077,2077,2077,2077,2077,0.01,0.07,8444,8444,8444,8444,8444,8444,8420,8420,8420,8420,8420,8420,180228,180228,180228,180228,180228,180228
mushroom-best,5,287.93,289.72,292.47,295.48,292.54,306.44,2930,2930,2930,2930,2930,2930,0.01,0.07,8444,8444,8444,8444,8444,8444,8420,8420,8420,8420,8420,8420,180228,180228,180228,180228,180228,180228
mzzv11,1,84.46,83.32,83.66,68.91,88.56,85.36,1,1,1,1,8,1,0.52,1.08,5436,5436,5436,5436,5436,5436,5768,5768,5768,5768,5768,5768,83486,83486,83486,83486,83486,83486
mzzv11,2,64.09,65.83,117.16,75.97,95.78,116.40,1,1,139,1,1,139,0.74,1.17,5377,5377,5377,5377,5377,5377,5769,5769,5769,5769,5769,5769,82635,82635,82635,82635,82635,82635
mzzv11,3,68.13,68.07,76.51,83.09,66.64,77.64,1,1,1,1,3,1,0.54,1.40,5422,5422,5422,5422,5422,5422,5759,5759,5759,5759,5759,5759,83423,83423,83423,83423,83423,83423
mzzv11,4,61.61,64.29,77.26,69.39,85.72,78.57,1,1,1,5,7,1,0.49,1.76,5429,5429,5429,5429,5429,5429,5761,5761,5761,5761,5761,5761,84517,84517,84517,84517,84517,84517
mzzv11,5,65.13,66.67,58.90,58.30,71.36,61.22,6,6,1,3,1,1,0.55,1.43,5387,5387,5387,5387,5387,5387,5754,5754,5754,5754,5754,5754,83294,83294,83294,83294,83294,83294
mzzv42z,1,50.40,49.36,36.31,49.31,47.02,35.75,1,1,1,1,1,1,0.50,1.03,6126,6126,6126,6126,6126,6126,7047,7047,7047,7047,7047,7047,80164,80164,80164,80164,80164,80164
mzzv42z,2,44.68,46.03,32.55,45.21,45.31,34.10,1,1,1,1,1,1,0.55,0.93,6123,6123,6123,6123,6123,6123,7031,7031,7031,7031,7031,7031,79499,79499,79499,79499,79499,79499
mzzv42z,3,40.16,43.82,34.70,38.59,37.44,34.63,1,1,1,1,1,1,0.55,1.33,6143,6143,6143,6143,6143,6143,7023,7023,7023,7023,7023,7023,80150,80150,80150,80150,80150,80150
mzzv42z,4,43.71,46.75,45.80,43.51,43.23,46.25,1,1,1,1,1,1,0.53,1.33,6205,6205,6205,6205,6205,6205,7050,7050,7050,7050,7050,7050,79801,79801,79801,79801,79801,79801
mzzv42z,5,47.68,48.91,40.69,48.01,46.93,42.57,1,1,1,1,1,1,0.54,1.31,6155,6155,6155,6155,6155,6155,7043,7043,7043,7043,7043,7043,79442,79442,79442,79442,79442,79442
n2seq36q,1,93.87,97.32,81.78,93.26,94.12,81.48,107,107,1,107,107,1,0.01,0.28,2471,2471,2471,2471,2471,2471,22480,22480,22480,22480,22480,22480,138924,138924,138924,138924,138924,138924
n2seq36q,2,92.14,93.49,114.05,93.60,92.87,113.47,101,101,348,101,101,348,0.01,0.33,2471,2471,2471,2471,2471,2471,22480,22480,22480,22480,22480,22480,138924,138924,138924,138924,138924,138924
n2seq36q,3,79.33,81.75,78.18,79.22,79.35,79.47,62,62,55,62,62,55,0.01,0.31,2471,2471,2471,2471,2471,2471,22480,22480,22480,22480,22480,22480,138924,138924,138924,138924,138924,138924
n2seq36q,4,112.37,116.42,98.61,115.68,114.74,98.72,247,247,311,247,247,311,0.01,0.38,2471,2471,2471,2471,2471,2471,22480,22480,22480,22480,22480,22480,138924,138924,138924,138924,138924,138924
n2seq36q,5,30.35,30.63,33.25,30.55,31.73,33.27,1,1,1,1,1,1,0.01,0.28,2471,2471,2471,2471,2471,2471,22480,22480,22480,22480,22480,22480,138924,138924,138924,138924,138924,138924
n3div36,1,7200.08,7200.08,7200.09,7200.13,7200.04,7200.09,57185,58076,55656,56444,56935,54716,0.58,7.22,4453,4453,4453,4453,4453,4453,20602,20602,20602,20602,20602,20602,168178,168178,168178,168178,168178,168178
n3div36,2,7200.07,7200.06,7200.04,7200.05,7200.08,7200.04,87414,83858,80777,86854,85990,79836,0.58,10.98,4453,4453,4453,4453,4453,4453,20602,20602,20602,20602,20602,20602,168178,168178,168178,168178,168178,168178
n3div36,3,7200.07,7200.08,7200.07,7200.08,7200.08,7200.11,71385,69095,66188,71580,68701,67089,0.37,7.07,4453,4453,4453,4453,4453,4453,20602,20602,20602,20602,20602,20602,168178,168178,168178,168178,168178,168178
n3div36,4,7200.10,7200.09,7200.07,7200.03,7200.06,7200.09,69760,68808,71024,65183,71766,64174,0.42,7.70,4453,4453,4453,4453,4453,4453,20602,20602,20602,20602,20602,20602,168178,168178,168178,168178,168178,168178
n3div36,5,7200.08,7200.08,7200.02,7200.08,7200.05,7200.08,82356,83862,81738,87636,83648,84068,0.49,7.67,4453,4453,4453,4453,4453,4453,20602,20602,20602,20602,20602,20602,168178,168178,168178,168178,168178,168178
n5-3,1,25.29,25.94,25.74,25.43,25.44,25.55,157,157,157,157,157,157,0.00,0.00,836,836,836,836,836,836,2139,2139,2139,2139,2139,2139,8327,8327,8327,8327,8327,8327
n5-3,2,30.50,30.90,30.64,30.64,30.62,30.71,255,255,255,255,255,255,0.00,0.00,836,836,836,836,836,836,2139,2139,2139,2139,2139,2139,8327,8327,8327,8327,8327,8327
n5-3,3,26.71,27.37,27.00,26.92,27.08,27.06,161,161,161,161,161,161,0.00,0.00,836,836,836,836,836,836,2139,2139,2139,2139,2139,2139,8327,8327,8327,8327,8327,8327
n5-3,4,31.43,31.72,31.60,31.76,31.79,31.64,214,214,214,214,214,214,0.00,0.00,836,836,836,836,836,836,2139,2139,2139,2139,2139,2139,8327,8327,8327,8327,8327,8327
n5-3,5,25.93,26.13,26.01,26.59,26.29,28.24,177,177,177,177,177,177,0.00,0.00,836,836,836,836,836,836,2139,2139,2139,2139,2139,2139,8327,8327,8327,8327,8327,8327
neos-1122047,1,15.29,21.67,15.25,15.22,15.14,21.61,1,1,1,1,1,1,0.01,0.05,57611,57611,57611,57611,57611,57611,5080,5080,5080,5080,5080,5080,163120,163120,163120,163120,163120,163120
neos-1122047,2,15.77,17.63,15.66,15.82,15.84,17.43,1,1,1,1,1,1,0.01,0.04,57611,57611,57611,57611,57611,57611,5080,5080,5080,5080,5080,5080,163120,163120,163120,163120,163120,163120
neos-1122047,3,16.75,17.90,17.09,17.11,16.91,17.95,1,1,1,1,1,1,0.01,0.05,57611,57611,57611,57611,57611,57611,5080,5080,5080,5080,5080,5080,163120,163120,163120,163120,163120,163120
neos-1122047,4,17.78,20.35,17.75,17.65,17.79,20.39,1,1,1,1,1,1,0.01,0.05,57611,57611,57611,57611,57611,57611,5080,5080,5080,5080,5080,5080,163120,163120,163120,163120,163120,163120
neos-1122047,5,22.31,16.63,23.39,25.79,22.42,16.58,1,1,1,1,1,1,0.01,0.05,57611,57611,57611,57611,57611,57611,5080,5080,5080,5080,5080,5080,163120,163120,163120,163120,163120,163120
neos-1171448,1,43.51,43.16,43.34,43.33,43.96,43.48,148,148,148,148,148,148,0.03,0.03,12702,12702,12702,12702,12702,12702,4914,4914,4914,4914,4914,4914,131103,131103,131103,131103,131103,131103
neos-1171448,2,345.62,346.57,343.66,343.10,342.37,342.35,101,101,101,101,101,101,0.03,0.03,12702,12702,12702,12702,12702,12702,4914,4914,4914,4914,4914,4914,131103,131103,131103,131103,131103,131103
neos-1171448,3,61.58,61.92,60.98,60.65,61.40,61.20,111,111,111,111,111,111,0.03,0.03,12702,12702,12702,12702,12702,12702,4914,4914,4914,4914,4914,4914,131103,131103,131103,131103,131103,131103
neos-1171448,4,155.85,154.49,153.49,153.08,155.41,154.84,127,127,127,127,127,127,0.04,0.03,12702,12702,12702,12702,12702,12702,4914,4914,4914,4914,4914,4914,131103,131103,131103,131103,131103,131103
neos-1171448,5,134.17,134.94,137.53,133.18,135.01,133.94,155,155,155,155,155,155,0.03,0.03,12702,12702,12702,12702,12702,12702,4914,4914,4914,4914,4914,4914,131103,131103,131103,131103,131103,131103
neos-1171737,1,2968.89,2994.65,2969.32,2982.82,2985.72,2969.66,26099,26099,26099,26099,26099,26099,0.03,0.06,4179,4179,4179,4179,4179,4179,2340,2340,2340,2340,2340,2340,58710,58710,58710,58710,58710,58710
neos-1171737,2,2383.69,2378.57,2365.78,2378.64,2378.48,2365.29,20807,20807,20807,20807,20807,20807,0.02,0.05,4179,4179,4179,4179,4179,4179,2340,2340,2340,2340,2340,2340,58710,58710,58710,58710,58710,58710
neos-1171737,3,2758.24,2785.36,2763.57,2769.28,2782.83,2778.00,29472,29472,29472,29472,29472,29472,0.03,0.06,4179,4179,4179,4179,4179,4179,2340,2340,2340,2340,2340,2340,58710,58710,58710,58710,58710,58710
neos-1171737,4,7200.05,7200.01,7200.01,7200.01,7200.02,7200.02,94191,91913,92519,92873,93645,93227,0.03,0.08,4179,4179,4179,4179,4179,4179,2340,2340,2340,2340,2340,2340,58710,58710,58710,58710,58710,58710
neos-1171737,5,4535.44,4561.24,4520.59,4492.67,4512.03,4535.91,48564,48564,48564,48564,48564,48564,0.03,0.07,4179,4179,4179,4179,4179,4179,2340,2340,2340,2340,2340,2340,58710,58710,58710,58710,58710,58710
neos-1354092,1,7202.49,7200.03,7206.25,7201.19,7200.99,7200.03,23142,23592,23500,23500,23054,23500,0.01,0.12,3128,3128,3128,3128,3128,3128,13695,13695,13695,13695,13695,13695,187243,187243,187243,187243,187243,187243
neos-1354092,2,7200.44,7200.23,7200.41,7200.67,7200.52,7200.87,24914,23756,24907,25115,25003,25248,0.01,0.12,3128,3128,3128,3128,3128,3128,13695,13695,13695,13695,13695,13695,187243,187243,187243,187243,187243,187243
neos-1354092,3,7200.69,7200.04,7200.62,7200.07,7201.73,7200.19,20690,21118,20694,21118,20787,20651,0.01,0.11,3128,3128,3128,3128,3128,3128,13695,13695,13695,13695,13695,13695,187243,187243,187243,187243,187243,187243
neos-1354092,4,7200.03,7200.03,7200.04,7200.05,7200.04,7200.04,8986,8986,8986,8986,8986,8986,0.01,0.10,3128,3128,3128,3128,3128,3128,13695,13695,13695,13695,13695,13695,187243,187243,187243,187243,187243,187243
neos-1354092,5,7200.05,7200.06,7202.79,7200.71,7200.31,7200.40,20498,20669,27129,20973,26610,26812,0.01,0.11,3128,3128,3128,3128,3128,3128,13695,13695,13695,13695,13695,13695,187243,187243,187243,187243,187243,187243
neos-1445765,1,66.94,67.23,67.64,67.95,67.20,67.56,561,561,561,561,561,561,0.00,0.35,999,999,999,999,999,999,2133,2133,2133,2133,2133,2133,20524,20524,20524,20524,20524,20524
neos-1445765,2,63.03,64.14,63.12,62.64,63.08,63.23,480,480,480,480,480,480,0.00,0.35,999,999,999,999,999,999,2133,2133,2133,2133,2133,2133,20524,20524,20524,20524,20524,20524
neos-1445765,3,51.18,51.22,51.31,51.06,51.05,50.98,406,406,406,406,406,406,0.00,0.35,999,999,999,999,999,999,2133,2133,2133,2133,2133,2133,20524,20524,20524,20524,20524,20524
neos-1445765,4,54.10,54.29,54.87,54.68,54.76,54.64,328,328,328,328,328,328,0.00,0.35,999,999,999,999,999,999,2133,2133,2133,2133,2133,2133,20524,20524,20524,20524,20524,20524
neos-1445765,5,77.47,77.11,77.22,77.15,77.17,77.52,897,897,897,897,897,897,0.00,0.35,999,999,999,999,999,999,2133,2133,2133,2133,2133,2133,20524,20524,20524,20524,20524,20524
neos-1456979,1,156.77,153.73,370.94,154.99,158.27,372.05,2486,2486,11938,2486,2486,11938,0.03,0.89,6595,6595,6595,6595,6595,6595,4595,4595,4595,4595,4595,4595,35740,35740,35740,35740,35740,35740
neos-1456979,2,512.47,511.04,335.50,508.91,507.76,337.18,15436,15436,8895,15436,15436,8895,0.12,1.13,6595,6595,6595,6595,6595,6595,4595,4595,4595,4595,4595,4595,35740,35740,35740,35740,35740,35740
neos-1456979,3,383.36,389.51,284.43,381.48,383.25,286.30,10633,10633,10280,10633,10633,10280,0.06,0.98,6595,6595,6595,6595,6595,6595,4595,4595,4595,4595,4595,4595,35740,35740,35740,35740,35740,35740
neos-1456979,4,588.74,589.01,390.16,599.38,596.18,386.18,18777,18777,12077,18777,18777,12077,0.26,0.61,6595,6595,6595,6595,6595,6595,4595,4595,4595,4595,4595,4595,35740,35740,35740,35740,35740,35740
neos-1456979,5,382.46,386.74,287.77,376.50,383.80,289.74,10097,10097,9387,10097,10097,9387,0.17,1.01,6595,6595,6595,6595,6595,6595,4595,4595,4595,4595,4595,4595,35740,35740,35740,35740,35740,35740
neos-1582420,1,29.91,29.59,29.98,29.88,30.07,29.89,230,230,230,230,230,230,0.01,0.25,2487,2487,2487,2487,2487,2487,2407,2407,2407,2407,2407,2407,9428,9428,9428,9428,9428,9428
neos-1582420,2,53.42,53.83,53.43,53.15,53.45,53.45,642,642,642,642,642,642,0.01,0.02,2487,2487,2487,2487,2487,2487,2407,2407,2407,2407,2407,2407,9428,9428,9428,9428,9428,9428
neos-1582420,3,72.57,72.58,72.57,72.38,72.10,72.25,1059,1059,1059,1059,1059,1059,0.01,0.02,2487,2487,2487,2487,2487,2487,2407,2407,2407,2407,2407,2407,9428,9428,9428,9428,9428,9428
neos-1582420,4,64.51,64.34,64.36,64.88,64.20,64.07,1262,1262,1262,1262,1262,1262,0.01,0.02,2487,2487,2487,2487,2487,2487,2407,2407,2407,2407,2407,2407,9428,9428,9428,9428,9428,9428
neos-1582420,5,26.07,26.16,26.19,26.03,26.19,26.05,154,154,154,154,154,154,0.01,0.18,2487,2487,2487,2487,2487,2487,2407,2407,2407,2407,2407,2407,9428,9428,9428,9428,9428,9428
neos-2075418-temuka,1,461.97,482.67,468.22,459.04,443.58,453.75,1,1,1,1,1,1,0.70,1.99,349602,349602,349602,349602,349602,349602,122304,122304,122304,122304,122304,122304,7610261,7610261,7610261,7610261,7610261,7610261
neos-2075418-temuka,2,370.58,386.75,373.83,382.50,387.15,372.93,1,1,1,1,1,1,0.77,1.98,349602,349602,349602,349602,349602,349602,122304,122304,122304,122304,122304,122304,7610261,7610261,7610261,7610261,7610261,7610261
neos-2075418-temuka,3,991.22,1017.44,921.99,928.15,984.67,943.04,1,1,1,1,1,1,0.75,2.00,349602,349602,349602,349602,349602,349602,122304,122304,122304,122304,122304,122304,7610261,7610261,7610261,7610261,7610261,7610261
neos-2075418-temuka,4,376.30,376.39,380.69,382.71,376.70,382.05,1,1,1,1,1,1,0.73,2.00,349602,349602,349602,349602,349602,349602,122304,122304,122304,122304,122304,122304,7610261,7610261,7610261,7610261,7610261,7610261
neos-2075418-temuka,5,500.11,526.85,530.84,503.57,493.56,505.86,1,1,1,1,1,1,0.74,2.02,349602,349602,349602,349602,349602,349602,122304,122304,122304,122304,122304,122304,7610261,7610261,7610261,7610261,7610261,7610261
neos-2657525-crna,1,7200.01,7200.01,7200.00,7200.00,7200.01,7200.00,2534683,2534683,2562365,2539511,2534683,2514887,0.00,0.01,129,129,129,129,129,129,309,309,309,309,309,309,1671,1671,1671,1671,1671,1671
neos-2657525-crna,2,7200.00,7200.01,7200.00,7200.00,7200.00,7200.00,2486491,2457894,2506149,2511259,2507813,2504588,0.00,0.01,129,129,129,129,129,129,309,309,309,309,309,309,1671,1671,1671,1671,1671,1671
neos-2657525-crna,3,7200.00,7200.00,7200.04,7200.01,7200.01,7200.00,2993989,3010217,3030682,3030682,3030682,3029573,0.00,0.01,129,129,129,129,129,129,309,309,309,309,309,309,1671,1671,1671,1671,1671,1671
neos-2657525-crna,4,7200.00,7200.01,7200.00,7200.01,7200.01,7200.01,2855840,2853392,2871778,2830974,2830974,2871749,0.00,0.02,129,129,129,129,129,129,309,309,309,309,309,309,1671,1671,1671,1671,1671,1671
neos-2657525-crna,5,7200.01,7200.01,7200.00,7200.01,7200.00,7200.00,2519730,2511446,2506805,2513058,2506064,2503598,0.00,0.01,129,129,129,129,129,129,309,309,309,309,309,309,1671,1671,1671,1671,1671,1671
neos-2746589-doon,1,2383.91,1098.26,1576.56,898.90,873.48,1163.18,12997,14132,12029,6747,6747,9036,1.47,9.94,18513,18493,18513,18513,18513,18493,40501,40501,40501,40501,40501,40501,172114,172114,172114,172114,172114,172114
neos-2746589-doon,2,1189.79,712.31,1334.12,995.78,1001.30,1308.10,5222,1595,8849,9612,9612,5347,1.30,7.59,18516,18496,18516,18516,18516,18496,40504,40504,40504,40504,40504,40504,172132,172132,172132,172132,172132,172132
neos-2746589-doon,3,1157.35,686.28,967.33,1258.42,1255.73,560.28,11883,3677,7460,11547,11547,10986,1.17,6.78,18520,18500,18520,18520,18520,18500,40508,40508,40508,40508,40508,40508,172156,172156,172156,172156,172156,172156
neos-2746589-doon,4,1126.35,1166.18,623.08,1073.12,1085.87,1219.60,3879,6232,5093,7366,7366,7360,1.14,7.16,18518,18498,18518,18518,18518,18498,40506,40506,40506,40506,40506,40506,172144,172144,172144,172144,172144,172144
neos-2746589-doon,5,923.31,1932.03,3030.02,1191.33,1088.64,1100.45,2753,8701,17573,13284,5775,14653,2.66,10.24,18516,18496,18516,18516,18516,18496,40504,40504,40504,40504,40504,40504,172132,172132,172132,172132,172132,172132
neos-2978193-inde,1,34.47,33.61,35.27,34.91,34.79,33.06,2425,2425,2425,2425,2425,2425,0.00,0.01,396,396,396,396,396,396,20800,20800,20800,20800,20800,20800,41600,41600,41600,41600,41600,41600
neos-2978193-inde,2,39.64,38.92,39.37,39.16,38.08,37.55,2924,2924,2924,2924,2924,2924,0.00,0.01,396,396,396,396,396,396,20800,20800,20800,20800,20800,20800,41600,41600,41600,41600,41600,41600
neos-2978193-inde,3,37.51,36.60,36.37,35.98,36.16,37.00,2453,2453,2453,2453,2453,2453,0.00,0.01,396,396,396,396,396,396,20800,20800,20800,20800,20800,20800,41600,41600,41600,41600,41600,41600
neos-2978193-inde,4,26.85,27.43,26.64,25.31,26.50,26.72,1637,1637,1637,1637,1637,1637,0.00,0.01,396,396,396,396,396,396,20800,20800,20800,20800,20800,20800,41600,41600,41600,41600,41600,41600
neos-2978193-inde,5,29.22,29.55,29.47,29.26,29.23,29.19,1874,1874,1874,1874,1874,1874,0.00,0.01,396,396,396,396,396,396,20800,20800,20800,20800,20800,20800,41600,41600,41600,41600,41600,41600
neos-2987310-joes,1,6.52,6.74,18.81,7.34,14.91,18.83,1,1,1,1,1,1,0.10,11.73,19513,19513,19513,19513,19513,19513,6075,6075,6075,6075,6075,6075,266690,266690,266690,266690,266690,266690
neos-2987310-joes,2,6.78,7.23,18.60,6.97,14.16,18.13,1,1,1,1,1,1,0.10,11.53,19513,19513,19513,19513,19513,19513,6075,6075,6075,6075,6075,6075,266690,266690,266690,266690,266690,266690
neos-2987310-joes,3,6.57,7.02,18.10,7.04,14.08,17.97,1,1,1,1,1,1,0.10,11.19,19513,19513,19513,19513,19513,19513,6075,6075,6075,6075,6075,6075,266690,266690,266690,266690,266690,266690
neos-2987310-joes,4,6.64,7.11,17.74,7.04,13.94,18.18,1,1,1,1,1,1,0.09,11.08,19513,19513,19513,19513,19513,19513,6075,6075,6075,6075,6075,6075,266690,266690,266690,266690,266690,266690
neos-2987310-joes,5,6.51,6.82,18.01,7.07,13.94,18.34,1,1,1,1,1,1,0.10,11.24,19513,19513,19513,19513,19513,19513,6075,6075,6075,6075,6075,6075,266690,266690,266690,266690,266690,266690
neos-3004026-krka,1,1458.10,1448.23,1482.99,1490.90,1550.89,1462.02,78627,78627,78627,78627,78627,78627,0.02,1.81,10400,10400,10400,10400,10400,10400,8450,8450,8450,8450,8450,8450,33280,33280,33280,33280,33280,33280
neos-3004026-krka,2,327.69,334.59,328.54,331.12,327.98,326.47,10619,10619,10619,10619,10619,10619,0.01,0.96,10400,10400,10400,10400,10400,10400,8450,8450,8450,8450,8450,8450,33280,33280,33280,33280,33280,33280
neos-3004026-krka,3,4595.34,4760.92,4670.89,4692.77,4694.73,4597.85,248911,248911,248911,248911,248911,248911,0.03,2.28,10400,10400,10400,10400,10400,10400,8450,8450,8450,8450,8450,8450,33280,33280,33280,33280,33280,33280
neos-3004026-krka,4,6.44,6.72,6.66,6.49,6.60,6.72,1,1,1,1,1,1,0.01,0.27,10400,10400,10400,10400,10400,10400,8450,8450,8450,8450,8450,8450,33280,33280,33280,33280,33280,33280
neos-3004026-krka,5,321.93,330.32,327.95,323.72,320.03,320.08,10862,10862,10862,10862,10862,10862,0.01,0.95,10400,10400,10400,10400,10400,10400,8450,8450,8450,8450,8450,8450,33280,33280,33280,33280,33280,33280
neos-3024952-loue,1,7200.05,7200.05,7200.01,7200.04,7200.02,7200.04,145511,147884,144551,148907,146096,147738,0.01,0.04,3705,3705,3705,3705,3705,3705,3255,3255,3255,3255,3255,3255,17230,17230,17230,17230,17230,17230
neos-3024952-loue,2,4650.34,4594.78,4542.24,4596.07,4587.71,4590.65,119104,119104,119104,119104,119104,119104,0.00,0.04,3705,3705,3705,3705,3705,3705,3255,3255,3255,3255,3255,3255,17230,17230,17230,17230,17230,17230
neos-3024952-loue,3,7200.12,7200.01,7200.02,7200.07,7200.08,7200.02,155445,155402,155829,155592,154329,155957,0.00,0.03,3705,3705,3705,3705,3705,3705,3255,3255,3255,3255,3255,3255,17230,17230,17230,17230,17230,17230
neos-3024952-loue,4,7200.02,7200.03,7200.05,7200.09,7200.07,7200.04,152479,152101,154582,153883,153501,153547,0.00,0.05,3705,3705,3705,3705,3705,3705,3255,3255,3255,3255,3255,3255,17230,17230,17230,17230,17230,17230
neos-3024952-loue,5,7200.01,7200.04,7200.02,7200.05,7200.03,7200.01,140854,142204,139318,139134,139882,139416,0.00,0.04,3705,3705,3705,3705,3705,3705,3255,3255,3255,3255,3255,3255,17230,17230,17230,17230,17230,17230
neos-3046615-murg,1,7200.00,7200.00,7200.00,7200.01,7200.00,7200.01,11662710,11857115,11512956,11324253,11325553,11519550,0.00,0.04,129,129,129,129,129,129,145,145,145,145,145,145,378,378,378,378,378,378
neos-3046615-murg,2,7200.00,7200.02,7200.00,7200.00,7200.00,7200.00,12226216,11934481,12274156,12515094,12257152,12134024,0.00,0.04,129,129,129,129,129,129,145,145,145,145,145,145,378,378,378,378,378,378
neos-3046615-murg,3,7200.00,7200.01,7200.00,7200.00,7200.00,7200.02,9946006,10180324,10041676,10078461,9989586,9999801,0.00,0.04,129,129,129,129,129,129,145,145,145,145,145,145,378,378,378,378,378,378
neos-3046615-murg,4,7200.00,7200.00,7200.00,7200.00,7200.00,7200.00,13919676,13607649,13896139,13995916,13139889,13079345,0.00,0.04,129,129,129,129,129,129,145,145,145,145,145,145,378,378,378,378,378,378
neos-3046615-murg,5,7200.00,7200.00,7200.01,7200.00,7200.00,7200.00,11844117,12067236,12102282,11604840,11882283,11383315,0.00,0.03,129,129,129,129,129,129,145,145,145,145,145,145,378,378,378,378,378,378
neos-3083819-nubu,1,25.47,25.26,15.34,25.40,25.47,15.42,2140,2140,833,2140,2140,833,0.00,0.02,388,388,388,388,388,388,2510,2510,2510,2510,2510,2510,7427,7427,7427,7427,7427,7427
neos-3083819-nubu,2,27.63,27.55,31.81,44.10,44.27,31.54,4039,4039,3870,8172,8172,3870,0.00,0.06,388,388,388,388,388,388,2510,2510,2510,2510,2510,2510,7427,7427,7427,7427,7427,7427
neos-3083819-nubu,3,11.55,11.81,9.38,11.58,11.60,9.38,605,605,310,605,605,310,0.00,0.04,388,388,388,388,388,388,2510,2510,2510,2510,2510,2510,7427,7427,7427,7427,7427,7427
neos-3083819-nubu,4,28.87,29.68,29.86,29.44,30.24,30.21,2899,2899,2899,2899,2899,2899,0.00,0.01,388,388,388,388,388,388,2510,2510,2510,2510,2510,2510,7427,7427,7427,7427,7427,7427
neos-3083819-nubu,5,27.20,27.80,27.53,27.35,27.10,27.32,2728,2728,2728,2728,2728,2728,0.00,0.01,388,388,388,388,388,388,2510,2510,2510,2510,2510,2510,7427,7427,7427,7427,7427,7427
neos-3216931-puriri,1,2179.83,2185.43,567.58,592.45,593.58,564.91,2058,2058,459,627,627,459,0.03,0.59,3863,3863,3863,3863,3863,3863,2849,2849,2849,2849,2849,2849,59287,59287,59287,59287,59287,59287
neos-3216931-puriri,2,356.81,357.99,314.09,420.24,423.61,314.54,492,492,446,405,405,446,0.07,1.20,3875,3875,3875,3875,3875,3875,2863,2863,2863,2863,2863,2863,58116,58116,58116,58116,58116,58116
neos-3216931-puriri,3,354.46,358.10,493.94,498.73,498.39,485.79,336,336,716,391,391,716,0.04,0.63,3890,3890,3890,3890,3890,3890,2852,2852,2852,2852,2852,2852,60098,60098,60098,60098,60098,60098
neos-3216931-puriri,4,272.95,274.01,365.13,1805.27,1824.93,360.05,340,340,523,2251,2251,523,0.06,0.62,3872,3872,3872,3872,3872,3872,2852,2852,2852,2852,2852,2852,59522,59522,59522,59522,59522,59522
neos-3216931-puriri,5,515.06,515.47,146.11,607.80,610.55,144.07,575,575,1,1537,1537,1,0.04,1.75,3875,3875,3875,3875,3875,3875,2851,2851,2851,2851,2851,2851,60932,60932,60932,60932,60932,60932
neos-3381206-awhea,1,2.50,2.60,2.47,2.49,2.49,2.48,1,1,1,1,1,1,0.00,0.00,479,479,479,479,479,479,2375,2375,2375,2375,2375,2375,4275,4275,4275,4275,4275,4275
neos-3381206-awhea,2,0.80,0.80,0.81,0.82,0.81,0.81,1,1,1,1,1,1,0.00,0.00,479,479,479,479,479,479,2375,2375,2375,2375,2375,2375,4275,4275,4275,4275,4275,4275
neos-3381206-awhea,3,8.41,8.49,8.71,8.46,8.68,9.61,631,631,631,631,631,631,0.00,0.00,479,479,479,479,479,479,2375,2375,2375,2375,2375,2375,4275,4275,4275,4275,4275,4275
neos-3381206-awhea,4,1.80,1.79,1.80,1.80,1.80,1.80,1,1,1,1,1,1,0.00,0.00,479,479,479,479,479,479,2375,2375,2375,2375,2375,2375,4275,4275,4275,4275,4275,4275
neos-3381206-awhea,5,0.79,0.81,1.25,0.81,0.81,0.81,1,1,1,1,1,1,0.00,0.00,479,479,479,479,479,479,2375,2375,2375,2375,2375,2375,4275,4275,4275,4275,4275,4275
neos-3402294-bobin,1,148.51,150.07,152.45,149.45,154.15,150.76,482,482,482,482,482,482,0.10,0.46,32932,32932,32932,32932,32932,32932,792,792,792,792,792,792,381000,381000,381000,381000,381000,381000
neos-3402294-bobin,2,170.83,171.22,168.77,170.96,169.54,172.65,521,521,521,521,521,521,0.09,0.46,32932,32932,32932,32932,32932,32932,792,792,792,792,792,792,381000,381000,381000,381000,381000,381000
neos-3402294-bobin,3,159.87,161.05,161.01,163.37,167.16,163.64,355,355,355,355,355,355,0.10,0.46,32932,32932,32932,32932,32932,32932,792,792,792,792,792,792,381000,381000,381000,381000,381000,381000
neos-3402294-bobin,4,96.78,104.02,100.07,99.51,100.58,97.39,258,258,258,258,258,258,0.10,0.46,32932,32932,32932,32932,32932,32932,792,792,792,792,792,792,381000,381000,381000,381000,381000,381000
neos-3402294-bobin,5,196.00,213.93,208.15,207.57,216.55,218.96,744,744,744,744,744,744,0.10,0.46,32932,32932,32932,32932,32932,32932,792,792,792,792,792,792,381000,381000,381000,381000,381000,381000
neos-3402454-bohle,1,7202.18,7202.11,7202.19,7201.98,7202.08,7200.65,13,14,14,14,14,13,0.42,5.73,2881228,2881228,2881228,2881228,2881228,2881228,2508,2508,2508,2508,2508,2508,8915592,8915592,8915592,8915592,8915592,8915592
neos-3402454-bohle,2,7202.16,7202.26,7202.04,7202.22,7202.28,7202.17,9,9,9,9,9,9,0.43,5.73,2881228,2881228,2881228,2881228,2881228,2881228,2508,2508,2508,2508,2508,2508,8915592,8915592,8915592,8915592,8915592,8915592
neos-3402454-bohle,3,7202.24,7202.10,7202.19,7202.00,7202.32,7202.23,14,14,14,14,14,14,0.43,5.73,2881228,2881228,2881228,2881228,2881228,2881228,2508,2508,2508,2508,2508,2508,8915592,8915592,8915592,8915592,8915592,8915592
neos-3402454-bohle,4,7202.35,7202.10,7202.53,7202.24,7202.21,7202.19,9,9,9,9,9,9,0.41,5.80,2881228,2881228,2881228,2881228,2881228,2881228,2508,2508,2508,2508,2508,2508,8915592,8915592,8915592,8915592,8915592,8915592
neos-3402454-bohle,5,7200.51,7200.47,7200.47,7200.47,7200.47,7200.42,181,181,183,175,181,175,0.42,5.76,2881228,2881228,2881228,2881228,2881228,2881228,2508,2508,2508,2508,2508,2508,8915592,8915592,8915592,8915592,8915592,8915592
neos-3555904-turama,1,7200.02,7200.33,7200.07,7200.05,7200.01,7200.09,1968,2005,1388,1120,1316,1388,0.15,1.49,62131,62131,58777,58777,58777,58777,22184,22184,18910,18910,18910,18910,373545,373545,314971,314971,314971,314971
neos-3555904-turama,2,7200.04,7200.65,7200.10,7200.09,7200.09,7200.10,1832,1895,2765,1773,1774,2765,0.21,1.63,62110,62110,58745,58745,58745,58745,22183,22183,18904,18904,18904,18904,373310,373310,314650,314650,314650,314650
neos-3555904-turama,3,7200.24,7200.15,7200.14,7200.62,7200.03,7202.84,310,310,2821,1360,1353,2806,0.20,2.73,62123,62123,58760,58760,58760,58760,22186,22186,18909,18909,18909,18909,373380,373380,314759,314759,314759,314759
neos-3555904-turama,4,7200.03,7200.04,7202.63,7200.04,7200.11,7200.25,1653,1653,1268,1657,1478,1268,0.20,1.56,62122,62122,58761,58761,58761,58761,22181,22181,18904,18904,18904,18904,373081,373081,314454,314454,314454,314454
neos-3555904-turama,5,7200.10,7200.08,7201.39,7200.07,7200.06,7201.41,2470,2496,1183,1623,1813,1010,0.25,0.63,62112,62112,58744,58744,58744,58744,22181,22181,18901,18901,18901,18901,373178,373178,314527,314527,314527,314527
neos-3627168-kasai,1,113.00,112.89,112.08,112.30,112.58,115.56,17230,17230,17230,17230,17230,17230,0.00,0.00,1206,1206,1206,1206,1206,1206,1400,1400,1400,1400,1400,1400,3266,3266,3266,3266,3266,3266
neos-3627168-kasai,2,81.83,82.01,81.72,81.66,81.90,81.65,11005,11005,11005,11005,11005,11005,0.00,0.00,1206,1206,1206,1206,1206,1206,1400,1400,1400,1400,1400,1400,3266,3266,3266,3266,3266,3266
neos-3627168-kasai,3,118.39,119.60,114.24,118.86,115.89,117.65,15314,15314,15314,15314,15314,15314,0.00,0.00,1206,1206,1206,1206,1206,1206,1400,1400,1400,1400,1400,1400,3266,3266,3266,3266,3266,3266
neos-3627168-kasai,4,66.23,65.27,64.58,64.84,66.39,64.53,8835,8835,8835,8835,8835,8835,0.00,0.00,1206,1206,1206,1206,1206,1206,1400,1400,1400,1400,1400,1400,3266,3266,3266,3266,3266,3266
neos-3627168-kasai,5,97.27,96.61,100.95,96.32,96.56,95.44,14429,14429,14429,14429,14429,14429,0.00,0.00,1206,1206,1206,1206,1206,1206,1400,1400,1400,1400,1400,1400,3266,3266,3266,3266,3266,3266
neos-3656078-kumeu,1,7200.01,7200.06,7200.10,7200.03,7200.02,7200.07,541,541,759,588,1617,759,0.08,0.57,10711,10711,10692,10689,10692,10692,9010,9010,8996,8993,8996,8996,43055,43055,42965,42956,42965,42965
neos-3656078-kumeu,2,7200.03,7200.05,7200.18,7200.02,7200.01,7200.07,338,338,2,1339,1339,2,0.08,0.60,10698,10698,10685,10685,10685,10685,9001,9001,8988,8988,8988,8988,43055,43055,42990,42990,42990,42990
neos-3656078-kumeu,3,7200.05,7200.04,7200.06,7200.06,7200.06,7200.19,1590,1590,630,1190,1190,630,0.09,0.53,10710,10710,10697,10697,10697,10697,9008,9008,8995,8995,8995,8995,43092,43092,43027,43027,43027,43027
neos-3656078-kumeu,4,7200.03,7200.02,7200.05,7200.24,7200.88,7200.06,0,0,776,347,347,776,0.04,0.54,10697,10697,10687,10687,10687,10687,8999,8999,8989,8989,8989,8989,43059,43059,43009,43009,43009,43009
neos-3656078-kumeu,5,7200.24,7200.13,7200.02,7200.18,7200.22,7200.02,1166,1166,561,1830,1830,561,0.08,0.57,10692,10692,10684,10684,10684,10684,8999,8999,8991,8991,8991,8991,42994,42994,42954,42954,42954,42954
neos-3754480-nidda,1,7200.00,7200.00,7200.00,7200.00,7200.00,7200.00,5397203,5495054,5478014,5454465,5447932,5420963,0.00,0.00,402,402,402,402,402,402,253,253,253,253,253,253,1488,1488,1488,1488,1488,1488
neos-3754480-nidda,2,7200.00,7200.00,7200.00,7200.00,7200.00,7200.00,5610653,5568375,5613547,5608340,5566316,5459101,0.00,0.00,402,402,402,402,402,402,253,253,253,253,253,253,1488,1488,1488,1488,1488,1488
neos-3754480-nidda,3,7200.00,7200.00,7200.00,7200.00,7200.00,7200.00,5431377,5242312,5427181,5399717,5458763,5303795,0.00,0.00,402,402,402,402,402,402,253,253,253,253,253,253,1488,1488,1488,1488,1488,1488
neos-3754480-nidda,4,7200.00,7200.00,7200.00,7200.00,7200.00,7200.00,5825891,5466304,5764052,5911676,5863565,5367160,0.00,0.00,402,402,402,402,402,402,253,253,253,253,253,253,1488,1488,1488,1488,1488,1488
neos-3754480-nidda,5,7200.00,7200.00,7200.00,7200.00,7200.00,7200.00,5534503,5654819,5534503,5555295,5551556,5590329,0.00,0.00,402,402,402,402,402,402,253,253,253,253,253,253,1488,1488,1488,1488,1488,1488
neos-3988577-wolgan,1,1377.91,1360.44,902.68,1537.20,1545.30,948.21,850,850,1,1636,1636,1,0.10,0.80,43882,43882,43882,43882,43882,43882,25870,25870,25870,25870,25870,25870,333190,333190,333190,333190,333190,333190
neos-3988577-wolgan,2,1224.74,1240.39,1147.65,1138.19,1111.40,1142.23,1,1,1,1,1,1,0.10,0.79,43882,43882,43882,43882,43882,43882,25870,25870,25870,25870,25870,25870,333190,333190,333190,333190,333190,333190
neos-3988577-wolgan,3,884.28,822.21,856.97,950.00,957.73,840.83,1,1,352,103,103,352,0.10,0.82,43882,43882,43882,43882,43882,43882,25870,25870,25870,25870,25870,25870,333190,333190,333190,333190,333190,333190
neos-3988577-wolgan,4,909.32,907.42,1408.38,1251.71,1176.84,1384.16,1,1,1,102,102,1,0.10,0.78,43882,43882,43882,43882,43882,43882,25870,25870,25870,25870,25870,25870,333190,333190,333190,333190,333190,333190
neos-3988577-wolgan,5,1218.27,1182.90,916.83,1022.41,953.44,905.89,103,103,1,107,107,1,0.10,0.78,43882,43882,43882,43882,43882,43882,25870,25870,25870,25870,25870,25870,333190,333190,333190,333190,333190,333190
neos-4300652-rahue,1,7200.02,7200.02,7200.02,7200.04,7200.03,7200.06,6885,6479,7551,7512,8573,6675,0.58,7.97,71149,71149,71146,71149,71146,71146,27191,27191,27188,27191,27188,27188,177361,177361,177349,177361,177349,177349
neos-4300652-rahue,2,7200.08,7200.02,7200.06,7200.07,7200.04,7200.08,5812,6002,7483,5648,7395,6893,0.59,11.11,71154,71156,71151,71154,71151,71153,27193,27195,27190,27193,27190,27192,177370,177356,177358,177370,177358,177344
neos-4300652-rahue,3,7200.04,7200.26,7200.07,7200.04,7200.38,7200.24,8996,8842,6634,9046,6380,6634,0.74,10.55,71162,71162,71153,71162,71153,71153,27200,27200,27191,27200,27191,27191,177341,177341,177305,177341,177305,177305
neos-4300652-rahue,4,7200.44,7200.27,7200.10,7200.12,7200.02,7200.03,7352,7368,7202,7325,6934,6946,0.60,10.24,71151,71152,71149,71151,71149,71150,27193,27194,27191,27193,27191,27192,177365,177359,177357,177365,177357,177351
neos-4300652-rahue,5,7200.39,7200.02,7200.03,7200.23,7200.27,7200.02,6428,6515,6337,6428,7487,6389,0.59,5.83,71145,71146,71142,71145,71142,71143,27188,27189,27185,27188,27185,27186,177372,177364,177360,177372,177360,177352
neos-4338804-snowy,1,7200.01,7200.00,7200.00,7200.00,7200.00,7200.01,1797622,1842174,1922406,1827261,1823321,1916198,0.01,0.18,1470,1470,1470,1470,1470,1470,1323,1323,1323,1323,1323,1323,5040,5040,5040,5040,5040,5040
neos-4338804-snowy,2,7200.00,7200.00,7200.00,7200.00,7200.00,7200.00,1839009,1861594,1768092,1833658,1836059,1769916,0.01,0.16,1470,1470,1470,1470,1470,1470,1323,1323,1323,1323,1323,1323,5040,5040,5040,5040,5040,5040
neos-4338804-snowy,3,7200.02,7200.00,7200.00,7200.00,7200.02,7200.00,1754597,1736151,2107074,1720480,1701853,2142962,0.02,0.16,1470,1470,1470,1470,1470,1470,1323,1323,1323,1323,1323,1323,5040,5040,5040,5040,5040,5040
neos-4338804-snowy,4,7200.03,7200.01,7200.00,7200.00,7200.00,7200.01,1799402,1818508,1669898,1769034,1836665,1628183,0.02,0.15,1470,1470,1470,1470,1470,1470,1323,1323,1323,1323,1323,1323,5040,5040,5040,5040,5040,5040
neos-4338804-snowy,5,7200.00,7200.00,7200.00,7200.05,7200.00,7200.01,2249964,2240312,1740912,2244544,2227792,1709321,0.02,0.16,1470,1470,1470,1470,1470,1470,1323,1323,1323,1323,1323,1323,5040,5040,5040,5040,5040,5040
neos-4387871-tavua,1,7200.01,7200.01,7200.01,7200.02,7200.03,7200.01,30656,30599,26451,30424,30277,26451,0.01,0.17,4257,4257,4257,4257,4257,4257,3982,3982,3982,3982,3982,3982,19353,19353,19353,19353,19353,19353
neos-4387871-tavua,2,7200.03,7200.01,7200.02,7200.01,7200.01,7200.02,24927,25129,25117,25129,25129,25136,0.01,0.10,4279,4279,4279,4279,4279,4279,4004,4004,4004,4004,4004,4004,19516,19516,19516,19516,19516,19516
neos-4387871-tavua,3,7200.00,7200.01,7200.01,7200.01,7200.00,7200.01,11655,11489,10067,11781,11805,9802,0.01,0.05,4263,4263,4263,4263,4263,4263,3988,3988,3988,3988,3988,3988,19400,19400,19400,19400,19400,19400
neos-4387871-tavua,4,7200.02,7200.01,7200.01,7200.02,7200.01,7200.01,22370,22356,21383,22590,22255,21490,0.01,0.17,4257,4257,4257,4257,4257,4257,3982,3982,3982,3982,3982,3982,19353,19353,19353,19353,19353,19353
neos-4387871-tavua,5,7200.01,7200.01,7200.20,7200.00,7200.05,7200.02,27077,27474,26725,27053,26742,27007,0.01,0.19,4227,4227,4227,4227,4227,4227,3952,3952,3952,3952,3952,3952,19134,19134,19134,19134,19134,19134
neos-4413714-turia,1,36.90,36.62,41.22,39.40,38.39,40.40,1,1,1,1,1,1,0.19,3.49,2103,2103,2103,2103,2103,2103,190202,190202,190202,190202,190202,190202,760406,760406,760406,760406,760406,760406
neos-4413714-turia,2,147.06,157.21,160.29,153.36,153.59,160.83,1,1,1,1,1,1,0.28,4.66,2103,2103,2103,2103,2103,2103,190202,190202,190202,190202,190202,190202,760406,760406,760406,760406,760406,760406
neos-4413714-turia,3,37.32,39.15,40.16,40.47,39.81,41.36,1,1,1,1,1,1,0.18,3.39,2103,2103,2103,2103,2103,2103,190202,190202,190202,190202,190202,190202,760406,760406,760406,760406,760406,760406
neos-4413714-turia,4,132.30,127.22,131.53,133.29,140.16,129.41,1,1,1,1,1,1,0.26,4.44,2103,2103,2103,2103,2103,2103,190202,190202,190202,190202,190202,190202,760406,760406,760406,760406,760406,760406
neos-4413714-turia,5,130.40,136.06,138.60,133.13,145.47,136.79,1,1,1,1,1,1,0.30,4.65,2103,2103,2103,2103,2103,2103,190202,190202,190202,190202,190202,190202,760406,760406,760406,760406,760406,760406
neos-4532248-waihi,1,7202.49,7200.11,7200.03,7200.36,7200.27,7200.03,0,0,0,0,0,0,1.28,56.97,166139,166139,166139,166139,166139,166139,86262,86262,86262,86262,86262,86262,516419,516419,516419,516419,516419,516419
neos-4532248-waihi,2,7209.60,7200.03,7202.99,7200.03,7200.03,7200.02,0,0,0,0,0,0,1.56,65.79,166139,166139,166139,166139,166139,166139,86262,86262,86262,86262,86262,86262,516419,516419,516419,516419,516419,516419
neos-4532248-waihi,3,7206.14,7200.02,7200.03,7200.16,7200.02,7200.02,0,0,0,0,0,0,1.26,44.55,166139,166139,166139,166139,166139,166139,86262,86262,86262,86262,86262,86262,516419,516419,516419,516419,516419,516419
neos-4532248-waihi,4,7200.02,7207.25,7200.02,7200.02,7203.58,7318.79,0,0,0,0,0,0,1.65,64.33,166139,166139,166139,166139,166139,166139,86262,86262,86262,86262,86262,86262,516419,516419,516419,516419,516419,516419
neos-4532248-waihi,5,7200.02,7200.02,7200.03,7200.03,7200.03,7200.02,0,0,0,0,0,0,1.33,65.44,166139,166139,166139,166139,166139,166139,86262,86262,86262,86262,86262,86262,516419,516419,516419,516419,516419,516419
neos-4647030-tutaki,1,7205.81,7200.18,7255.50,7200.06,7203.05,7205.44,233,331,652,2683,652,652,0.11,0.04,5593,5593,5593,5593,5593,5593,11200,11200,11190,11190,11190,11190,1980944,1980944,1980924,1980924,1980924,1980924
neos-4647030-tutaki,2,7231.37,7200.39,7208.65,7224.65,7202.56,7216.82,273,273,361,361,361,361,0.11,0.04,5593,5593,5593,5593,5593,5593,11200,11200,11190,11190,11190,11190,1980944,1980944,1980924,1980924,1980924,1980924
neos-4647030-tutaki,3,7239.16,7241.70,7200.05,7200.04,7212.91,7211.22,232,232,494,526,407,407,0.11,0.03,5593,5593,5593,5593,5593,5593,11200,11200,11190,11190,11190,11190,1980944,1980944,1980924,1980924,1980924,1980924
neos-4647030-tutaki,4,7220.11,7229.47,7204.81,7236.19,7216.15,7225.10,4473,4586,171,171,171,171,0.11,0.03,5593,5593,5593,5593,5593,5593,11200,11200,11190,11190,11190,11190,1980944,1980944,1980924,1980924,1980924,1980924
neos-4647030-tutaki,5,7206.50,7200.06,7200.06,7200.09,7200.02,7200.14,361,830,846,1846,630,647,0.11,0.04,5593,5593,5593,5593,5593,5593,11200,11200,11190,11190,11190,11190,1980944,1980944,1980924,1980924,1980924,1980924
neos-4722843-widden,1,288.79,266.63,372.24,337.50,319.73,381.65,1224,1224,1722,1224,1224,1722,1.21,68.18,105460,105460,105460,105460,105460,105460,57654,57654,57654,57654,57654,57654,287237,287237,287237,287237,287237,287237
neos-4722843-widden,2,247.12,250.46,419.56,297.47,298.56,410.27,731,731,1917,731,731,1917,1.29,70.39,105464,105464,105464,105464,105464,105464,57666,57666,57666,57666,57666,57666,287244,287244,287244,287244,287244,287244
neos-4722843-widden,3,271.74,285.86,388.86,315.83,318.74,357.08,1657,1657,1962,1657,1657,1962,1.26,70.70,105467,105467,105467,105467,105467,105467,57666,57666,57666,57666,57666,57666,287254,287254,287254,287254,287254,287254
neos-4722843-widden,4,214.53,205.97,362.05,271.57,273.64,358.54,777,777,1693,777,777,1693,1.20,69.32,105472,105472,105472,105472,105472,105472,57667,57667,57667,57667,57667,57667,287268,287268,287268,287268,287268,287268
neos-4722843-widden,5,323.41,335.81,384.97,382.72,370.98,383.09,2206,2206,1842,2206,2206,1842,1.28,70.30,105464,105464,105464,105464,105464,105464,57663,57663,57663,57663,57663,57663,287241,287241,287241,287241,287241,287241
neos-4738912-atrato,1,726.31,704.14,725.26,713.27,715.95,698.86,51445,51445,51445,51445,51445,51445,0.00,0.03,1792,1792,1792,1792,1792,1792,6159,6159,6159,6159,6159,6159,16836,16836,16836,16836,16836,16836
neos-4738912-atrato,2,628.63,646.72,626.81,621.71,628.83,650.93,39276,39276,39276,39276,39276,39276,0.00,0.02,1792,1792,1792,1792,1792,1792,6159,6159,6159,6159,6159,6159,16836,16836,16836,16836,16836,16836
neos-4738912-atrato,3,831.00,848.66,801.15,833.28,821.37,814.56,54870,54870,54870,54870,54870,54870,0.00,0.02,1792,1792,1792,1792,1792,1792,6159,6159,6159,6159,6159,6159,16836,16836,16836,16836,16836,16836
neos-4738912-atrato,4,520.21,544.45,538.49,533.95,541.96,516.06,32361,32361,32361,32361,32361,32361,0.00,0.02,1792,1792,1792,1792,1792,1792,6159,6159,6159,6159,6159,6159,16836,16836,16836,16836,16836,16836
neos-4738912-atrato,5,413.23,409.64,413.47,412.24,404.35,399.62,24725,24725,24725,24725,24725,24725,0.00,0.02,1792,1792,1792,1792,1792,1792,6159,6159,6159,6159,6159,6159,16836,16836,16836,16836,16836,16836
neos-4763324-toguru,1,7200.09,834.72,7200.65,7200.13,7200.10,849.97,11477,1971,12814,12471,12456,1971,2.94,7.78,106723,53824,106723,106723,106723,53824,53593,53593,53593,53593,53593,53593,266574,213675,266574,266574,266574,213675
neos-4763324-toguru,2,7201.38,1247.77,7200.11,7200.26,7200.11,1289.18,11067,3435,11227,10905,11098,3435,2.98,0.86,106723,53824,106723,106723,106723,53824,53593,53593,53593,53593,53593,53593,266574,213675,266574,266574,266574,213675
neos-4763324-toguru,3,7200.11,758.63,7200.16,7200.12,7200.02,787.47,12742,1776,11842,12105,12639,1776,3.30,3.21,106723,53824,106723,106723,106723,53824,53593,53593,53593,53593,53593,53593,266574,213675,266574,266574,266574,213675
neos-4763324-toguru,4,7200.11,1255.09,7200.16,7201.24,7200.18,1265.84,11634,3028,13316,11281,11281,3028,3.35,7.09,106723,53824,106723,106723,106723,53824,53593,53593,53593,53593,53593,53593,266574,213675,266574,266574,266574,213675
neos-4763324-toguru,5,7200.07,1701.04,7200.09,7200.22,7200.15,1697.75,12885,3790,14081,7743,11802,3790,3.04,7.82,106723,53824,106723,106723,106723,53824,53593,53593,53593,53593,53593,53593,266574,213675,266574,266574,266574,213675
neos-4954672-berkel,1,7200.01,7200.00,7200.00,7200.00,7200.00,7200.01,640305,648489,638728,640699,639537,640509,0.00,0.01,609,609,609,609,609,609,885,885,885,885,885,885,3570,3570,3570,3570,3570,3570
neos-4954672-berkel,2,7200.00,7200.00,7200.00,7200.01,7200.00,7200.01,774761,776383,772272,766581,767675,772808,0.00,0.01,609,609,609,609,609,609,885,885,885,885,885,885,3570,3570,3570,3570,3570,3570
neos-4954672-berkel,3,7200.01,7200.00,7200.00,7200.00,7200.00,7200.03,644460,648946,644956,654576,646374,646187,0.00,0.01,609,609,609,609,609,609,885,885,885,885,885,885,3570,3570,3570,3570,3570,3570
neos-4954672-berkel,4,7200.00,7200.01,7200.01,7200.03,7200.00,7200.01,741847,741316,741316,736550,731973,729050,0.00,0.01,609,609,609,609,609,609,885,885,885,885,885,885,3570,3570,3570,3570,3570,3570
neos-4954672-berkel,5,7200.00,7200.00,7200.01,7200.00,7200.00,7200.01,752517,752445,749040,755990,747681,746422,0.00,0.01,609,609,609,609,609,609,885,885,885,885,885,885,3570,3570,3570,3570,3570,3570
neos-5049753-cuanza,1,7200.08,7200.09,7200.10,7200.07,7221.72,7200.39,126,129,44,20,69,44,1.72,8.27,318144,318144,318144,318144,318144,318144,240360,240360,240360,240360,240360,240360,1429584,1429584,1429584,1429584,1429584,1429584
neos-5049753-cuanza,2,7325.13,7252.55,7200.93,7200.12,7276.96,7200.47,38,38,96,175,176,97,1.75,8.18,318144,318144,318144,318144,318144,318144,240360,240360,240360,240360,240360,240360,1429584,1429584,1429584,1429584,1429584,1429584
neos-5049753-cuanza,3,7398.24,7200.08,7200.40,7339.51,7302.64,7200.38,49,49,80,51,51,79,1.85,8.26,318144,318144,318144,318144,318144,318144,240360,240360,240360,240360,240360,240360,1429584,1429584,1429584,1429584,1429584,1429584
neos-5049753-cuanza,4,7200.07,7200.07,7200.11,7200.11,7200.11,7200.09,107,112,4,25,29,3,1.82,8.23,318144,318144,318144,318144,318144,318144,240360,240360,240360,240360,240360,240360,1429584,1429584,1429584,1429584,1429584,1429584
neos-5049753-cuanza,5,7208.52,7240.11,7258.28,7200.09,7200.10,7200.18,52,52,100,28,27,102,1.86,8.17,318144,318144,318144,318144,318144,318144,240360,240360,240360,240360,240360,240360,1429584,1429584,1429584,1429584,1429584,1429584
neos-5052403-cygnet,1,7200.24,7200.20,7200.05,7200.04,7200.21,7200.29,127,133,141,115,127,133,0.13,0.87,19134,19134,19134,19134,19134,19134,27593,27593,27593,27593,27593,27593,2448853,2448853,2448853,2448853,2448853,2448853
neos-5052403-cygnet,2,7200.08,7200.25,7200.22,7200.03,7200.04,7200.04,139,142,142,112,127,129,0.15,1.77,19134,19134,19134,19134,19134,19134,27593,27593,27593,27593,27593,27593,2448853,2448853,2448853,2448853,2448853,2448853
neos-5052403-cygnet,3,7200.03,7200.04,7200.04,7200.21,7200.22,7200.22,81,98,75,75,85,85,0.14,0.89,19134,19134,19134,19134,19134,19134,27593,27593,27593,27593,27593,27593,2448853,2448853,2448853,2448853,2448853,2448853
neos-5052403-cygnet,4,7200.04,7200.19,7200.05,7201.88,7200.22,7200.20,181,200,179,206,176,192,0.16,0.88,19134,19134,19134,19134,19134,19134,27593,27593,27593,27593,27593,27593,2448853,2448853,2448853,2448853,2448853,2448853
neos-5052403-cygnet,5,7200.04,7201.62,7200.21,7200.03,7200.12,7201.75,187,201,182,186,197,201,0.14,0.85,19134,19134,19134,19134,19134,19134,27593,27593,27593,27593,27593,27593,2448853,2448853,2448853,2448853,2448853,2448853
neos-5093327-huahum,1,7200.01,7200.03,7200.02,7200.02,7200.05,7200.02,24729,24431,24651,24359,24628,24668,0.02,0.23,6486,6486,6486,6486,6486,6486,19255,19255,19255,19255,19255,19255,324239,324239,324239,324239,324239,324239
neos-5093327-huahum,2,7200.02,7200.03,7200.05,7200.02,7200.02,7200.02,22673,22861,22804,22606,22664,22517,0.02,0.22,6486,6486,6486,6486,6486,6486,19255,19255,19255,19255,19255,19255,324239,324239,324239,324239,324239,324239
neos-5093327-huahum,3,7200.03,7200.03,7200.14,7200.02,7200.03,7200.02,22978,22951,22843,22718,22583,22690,0.02,0.18,6486,6486,6486,6486,6486,6486,19255,19255,19255,19255,19255,19255,324239,324239,324239,324239,324239,324239
neos-5093327-huahum,4,7200.02,7200.07,7200.03,7200.02,7200.03,7200.03,22500,22455,22316,22460,22043,22374,0.02,0.23,6486,6486,6486,6486,6486,6486,19255,19255,19255,19255,19255,19255,324239,324239,324239,324239,324239,324239
neos-5093327-huahum,5,7200.03,7200.02,7200.03,7200.02,7200.03,7200.12,24441,24289,23638,24084,24119,23955,0.02,0.25,6486,6486,6486,6486,6486,6486,19255,19255,19255,19255,19255,19255,324239,324239,324239,324239,324239,324239
neos-5104907-jarama,1,7262.37,7200.24,7200.26,7200.19,7232.24,7200.31,0,0,0,0,0,0,1.14,17.72,258044,258044,258044,258044,258044,258044,185240,185240,185240,185240,185240,185240,1079135,1079135,1079135,1079135,1079135,1079135
neos-5104907-jarama,2,7208.05,7200.21,7200.15,7200.19,7200.15,7200.11,0,0,0,0,0,0,1.12,7.29,258328,258328,258328,258328,258328,258328,185714,185714,185714,185714,185714,185714,1082002,1082002,1082002,1082002,1082002,1082002
neos-5104907-jarama,3,7297.98,7200.14,7200.09,7200.25,7200.19,7200.09,0,0,0,0,0,0,1.14,6.27,257274,257274,257274,257274,257274,257274,185084,185084,185084,185084,185084,185084,1076910,1076910,1076910,1076910,1076910,1076910
neos-5104907-jarama,4,7200.33,7200.18,7200.10,7200.08,7200.10,7200.11,0,0,0,0,0,0,1.09,12.39,257788,257788,257788,257788,257788,257788,185255,185255,185255,185255,185255,185255,1078918,1078918,1078918,1078918,1078918,1078918
neos-5104907-jarama,5,7200.31,7200.08,7200.10,7204.50,7200.06,7200.12,0,0,0,0,0,0,1.15,6.30,257866,257866,257866,257866,257866,257866,185193,185193,185193,185193,185193,185193,1078589,1078589,1078589,1078589,1078589,1078589
neos-5107597-kakapo,1,7200.01,7200.00,7200.13,7200.01,7200.01,7200.00,370666,379023,386362,368052,371392,388770,0.01,0.02,3249,3249,3249,3249,3249,3249,3057,3057,3057,3057,3057,3057,9702,9702,9702,9702,9702,9702
neos-5107597-kakapo,2,7200.01,7200.02,7200.01,7200.01,7200.00,7200.01,376562,378512,263481,372856,371973,264335,0.01,0.03,3249,3249,3249,3249,3249,3249,3057,3057,3057,3057,3057,3057,9702,9702,9702,9702,9702,9702
neos-5107597-kakapo,3,7200.00,7200.01,7200.01,7200.01,7200.00,7200.00,402817,404768,445222,401196,406460,428830,0.01,0.02,3249,3249,3249,3249,3249,3249,3057,3057,3057,3057,3057,3057,9702,9702,9702,9702,9702,9702
neos-5107597-kakapo,4,7200.01,7200.01,7200.02,7200.01,7200.01,7200.01,406820,413157,403015,416887,398862,406457,0.01,0.02,3249,3249,3249,3249,3249,3249,3057,3057,3057,3057,3057,3057,9702,9702,9702,9702,9702,9702
neos-5107597-kakapo,5,7200.00,7200.01,7200.01,7200.11,7200.07,7200.00,341301,349409,228410,337957,337563,283207,0.02,0.03,3249,3249,3249,3249,3249,3249,3057,3057,3057,3057,3057,3057,9702,9702,9702,9702,9702,9702
neos-5114902-kasavu,1,7210.13,7200.21,7200.24,7201.05,7201.14,7200.25,0,0,0,0,0,0,5.20,4.82,953988,953988,953988,953988,953988,953988,706706,706706,706706,706706,706706,706706,4219628,4219628,4219628,4219628,4219628,4219628
neos-5114902-kasavu,2,7200.20,7243.61,7200.25,7281.72,7248.86,7713.68,0,0,0,0,0,0,5.50,20.48,953988,953988,953988,953988,953988,953988,706706,706706,706706,706706,706706,706706,4219628,4219628,4219628,4219628,4219628,4219628
neos-5114902-kasavu,3,7202.13,7200.21,7200.20,7270.74,7237.00,7200.20,0,0,0,0,0,0,5.56,24.16,953988,953988,953988,953988,953988,953988,706706,706706,706706,706706,706706,706706,4219628,4219628,4219628,4219628,4219628,4219628
neos-5114902-kasavu,4,7201.06,7201.09,7201.11,7201.14,7201.10,7201.08,0,0,0,0,0,0,5.35,21.27,953988,953988,953988,953988,953988,953988,706706,706706,706706,706706,706706,706706,4219628,4219628,4219628,4219628,4219628,4219628
neos-5114902-kasavu,5,7200.32,7200.23,7200.20,7200.23,7200.23,7229.42,0,0,0,0,0,0,3.38,37.74,953988,953988,953988,953988,953988,953988,706706,706706,706706,706706,706706,706706,4219628,4219628,4219628,4219628,4219628,4219628
neos-5188808-nattai,1,7200.01,7200.01,7200.02,7200.14,7200.01,7200.01,14398,16606,18339,19500,18243,16563,0.02,0.50,24950,24928,24950,24950,24950,24928,11233,11211,11233,11233,11233,11211,120814,120814,120814,120814,120814,120814
neos-5188808-nattai,2,6846.17,7200.01,7200.08,6426.61,7200.01,7200.01,13476,13763,15623,13935,15488,20269,0.02,0.50,24950,24928,24950,24950,24950,24928,11233,11211,11233,11233,11233,11211,120814,120814,120814,120814,120814,120814
neos-5188808-nattai,3,6036.05,7200.02,6614.62,5633.43,6577.15,6412.50,12228,15475,14981,9598,14981,12568,0.02,0.98,24950,24928,24950,24950,24950,24928,11233,11211,11233,11233,11233,11211,120814,120814,120814,120814,120814,120814
neos-5188808-nattai,4,4577.37,7200.01,7200.01,7200.02,7200.01,6567.64,9535,17450,17126,14785,16837,14097,0.02,0.48,24950,24928,24950,24950,24950,24928,11233,11211,11233,11233,11233,11211,120814,120814,120814,120814,120814,120814
neos-5188808-nattai,5,7200.01,7200.01,4737.32,6748.12,4754.36,7201.97,14953,13963,11096,16662,11096,15811,0.02,0.97,24950,24928,24950,24950,24950,24928,11233,11211,11233,11233,11233,11211,120814,120814,120814,120814,120814,120814
neos-5195221-niemur,1,7200.04,7200.04,7200.01,7200.01,7200.01,7200.02,18680,15909,17742,18676,18659,11806,0.12,0.64,25242,24214,25242,25242,25242,24214,8638,8635,8638,8638,8638,8635,113825,112435,113825,113825,113825,112435
neos-5195221-niemur,2,7200.03,7200.01,7200.02,7200.01,7200.01,7200.01,11337,17410,16446,11231,11420,13500,0.13,0.71,25245,24182,25245,25245,25245,24182,8644,8635,8644,8644,8644,8635,113701,112232,113701,113701,113701,112232
neos-5195221-niemur,3,7200.01,7200.02,7200.02,7200.02,7200.02,7200.02,15084,17707,15684,15013,15038,11120,0.17,0.64,25256,24190,25256,25256,25256,24190,8644,8625,8644,8644,8644,8625,113857,112264,113857,113857,113857,112264
neos-5195221-niemur,4,7200.01,7200.94,7200.03,7200.03,7200.01,7200.04,17084,15188,13366,16968,16364,11403,0.14,0.62,25263,24182,25263,25263,25263,24182,8648,8627,8648,8648,8648,8627,113819,112287,113819,113819,113819,112287
neos-5195221-niemur,5,7200.02,7200.01,7200.02,7200.04,7200.01,7200.01,16824,16312,15870,16904,16758,24618,0.14,0.67,25256,24216,25256,25256,25256,24216,8645,8637,8645,8645,8645,8637,113845,112414,113845,113845,113845,112414
neos-631710,1,7200.32,4839.85,7200.34,7290.43,7218.52,5622.21,0,574,0,0,0,555,3.77,156.36,169576,4741,169576,169576,169576,4741,167056,167056,167056,167056,167056,167056,834166,669331,834166,834166,834166,669331
neos-631710,2,7200.38,4412.47,7200.48,7200.41,7200.40,6393.10,0,222,0,0,0,168,3.19,87.40,169576,4741,169576,169576,169576,4741,167056,167056,167056,167056,167056,167056,834166,669331,834166,834166,834166,669331
neos-631710,3,7200.83,4392.73,7201.36,7201.25,7201.15,3191.84,0,360,0,0,0,480,2.56,87.66,169576,4741,169576,169576,169576,4741,167056,167056,167056,167056,167056,167056,834166,669331,834166,834166,834166,669331
neos-631710,4,7200.40,7201.11,7200.51,7200.47,7200.45,2882.38,0,1030,0,0,0,931,1.92,86.82,169576,4741,169576,169576,169576,4741,167056,167056,167056,167056,167056,167056,834166,669331,834166,834166,834166,669331
neos-631710,5,7202.35,7200.46,7202.48,7202.44,7202.33,7200.51,274,103,274,218,274,102,3.68,81.56,169576,4741,169576,169576,169576,4741,167056,167056,167056,167056,167056,167056,834166,669331,834166,834166,834166,669331
neos-662469,1,3443.26,3390.93,2783.90,3432.11,3405.33,2783.86,25204,25204,18001,25204,25204,18001,0.03,1.46,1080,1080,1080,1080,1080,1080,18235,18235,18235,18235,18235,18235,201701,201701,201701,201701,201701,201701
neos-662469,2,2060.70,2046.29,2932.77,2056.23,2051.58,2973.89,17272,17272,23043,17272,17272,23043,0.06,3.45,1080,1080,1080,1080,1080,1080,18235,18235,18235,18235,18235,18235,201701,201701,201701,201701,201701,201701
neos-662469,3,2395.57,2423.89,2251.21,2348.47,2450.01,2285.41,16663,16663,15933,16663,16663,15933,0.04,1.18,1080,1080,1080,1080,1080,1080,18235,18235,18235,18235,18235,18235,201701,201701,201701,201701,201701,201701
neos-662469,4,1408.42,1375.62,1503.69,1376.61,1411.19,1523.90,7758,7758,8269,7758,7758,8269,0.04,1.30,1080,1080,1080,1080,1080,1080,18235,18235,18235,18235,18235,18235,201701,201701,201701,201701,201701,201701
neos-662469,5,1384.22,1389.08,1906.58,1400.25,1406.07,1904.29,8175,8175,9242,8175,8175,9242,0.04,1.22,1080,1080,1080,1080,1080,1080,18235,18235,18235,18235,18235,18235,201701,201701,201701,201701,201701,201701
neos-787933,1,467.16,470.86,478.19,501.78,486.18,490.18,1563,1563,1563,1563,1563,1563,0.06,0.08,1897,1897,1897,1897,1897,1897,63708,63708,63708,63708,63708,63708,125652,125652,125652,125652,125652,125652
neos-787933,2,847.52,819.87,852.62,799.97,833.75,834.69,3384,3384,3384,3384,3384,3384,0.07,0.09,1897,1897,1897,1897,1897,1897,63708,63708,63708,63708,63708,63708,125652,125652,125652,125652,125652,125652
neos-787933,3,824.43,793.98,813.48,801.99,749.25,793.88,2831,2831,2831,2831,2831,2831,0.07,0.09,1897,1897,1897,1897,1897,1897,63708,63708,63708,63708,63708,63708,125652,125652,125652,125652,125652,125652
neos-787933,4,833.32,817.72,801.13,851.62,823.42,834.75,3823,3823,3823,3823,3823,3823,0.11,0.23,1897,1897,1897,1897,1897,1897,63708,63708,63708,63708,63708,63708,125652,125652,125652,125652,125652,125652
neos-787933,5,1277.55,1248.83,1269.03,1248.01,1243.29,1243.86,5310,5310,5310,5310,5310,5310,0.06,0.09,1897,1897,1897,1897,1897,1897,63708,63708,63708,63708,63708,63708,125652,125652,125652,125652,125652,125652
neos-827175,1,5.70,5.79,6.07,6.05,6.09,6.09,1,1,1,1,1,1,0.02,0.25,14039,14039,14039,14039,14039,14039,31624,31624,31624,31624,31624,31624,101408,101408,101408,101408,101408,101408
neos-827175,2,7.38,7.39,7.59,7.51,7.59,7.61,1,1,1,1,1,1,0.02,0.24,14039,14039,14039,14039,14039,14039,31624,31624,31624,31624,31624,31624,101408,101408,101408,101408,101408,101408
neos-827175,3,5.13,5.18,5.53,5.30,5.35,5.41,1,1,1,1,1,1,0.03,0.25,14039,14039,14039,14039,14039,14039,31624,31624,31624,31624,31624,31624,101408,101408,101408,101408,101408,101408
neos-827175,4,7.10,6.90,7.31,7.29,7.61,7.35,1,1,1,1,1,1,0.02,0.25,14039,14039,14039,14039,14039,14039,31624,31624,31624,31624,31624,31624,101408,101408,101408,101408,101408,101408
neos-827175,5,4.01,3.98,4.45,4.25,4.09,4.37,1,1,1,1,1,1,0.03,0.28,14039,14039,14039,14039,14039,14039,31624,31624,31624,31624,31624,31624,101408,101408,101408,101408,101408,101408
neos-848589,1,862.47,823.27,841.59,883.68,901.89,835.70,54,54,54,54,54,54,0.17,0.05,1484,1484,1484,1484,1484,1484,550539,550539,550539,550539,550539,550539,1101078,1101078,1101078,1101078,1101078,1101078
neos-848589,2,1161.70,1087.80,1138.80,1091.83,1110.11,1020.69,22,22,22,22,22,22,0.22,0.07,1484,1484,1484,1484,1484,1484,550539,550539,550539,550539,550539,550539,1101078,1101078,1101078,1101078,1101078,1101078
neos-848589,3,3197.53,2941.99,3235.03,3290.19,3105.93,3126.70,274,274,274,274,274,274,0.08,0.00,1484,1484,1484,1484,1484,1484,550539,550539,550539,550539,550539,550539,1101078,1101078,1101078,1101078,1101078,1101078
neos-848589,4,3789.86,3364.53,3881.75,3718.86,3755.88,3716.82,775,775,775,775,775,775,0.17,0.35,1484,1484,1484,1484,1484,1484,550539,550539,550539,550539,550539,550539,1101078,1101078,1101078,1101078,1101078,1101078
neos-848589,5,1165.94,1061.52,1153.17,1128.00,1074.42,1062.29,59,59,59,59,59,59,0.20,0.07,1484,1484,1484,1484,1484,1484,550539,550539,550539,550539,550539,550539,1101078,1101078,1101078,1101078,1101078,1101078
neos-860300,1,23.38,22.66,17.82,15.34,15.44,18.04,1,1,1,1,1,1,0.08,1.22,568,568,568,568,568,568,1218,1218,1217,1217,1217,1217,178013,178013,177884,177884,177884,177884
neos-860300,2,16.30,16.72,17.56,17.39,17.39,17.75,1,1,1,0,0,1,0.11,1.25,568,568,568,568,568,568,1219,1219,1218,1218,1218,1218,178144,178144,178015,178015,178015,178015
neos-860300,3,14.15,14.32,14.25,15.34,15.22,14.64,1,1,0,1,1,0,0.08,0.90,568,568,568,568,568,568,1216,1216,1216,1216,1216,1216,177755,177755,177755,177755,177755,177755
neos-860300,4,13.75,13.78,16.91,17.65,17.22,16.58,1,1,1,1,1,1,0.07,1.16,568,568,568,568,568,568,1219,1219,1218,1218,1218,1218,178144,178144,178015,178015,178015,178015
neos-860300,5,16.11,16.27,28.54,26.35,26.41,28.75,0,0,1,1,1,1,0.08,1.84,568,568,568,568,568,568,1221,1221,1219,1219,1219,1219,178403,178403,178145,178145,178145,178145
neos-873061,1,859.74,806.21,843.58,844.19,836.71,849.83,10643,10643,10643,10643,10643,10643,0.39,0.30,90805,90805,90805,90805,90805,90805,171925,171925,171925,171925,171925,171925,343850,343850,343850,343850,343850,343850
neos-873061,2,538.33,505.96,700.23,526.09,512.21,702.07,10383,10383,13664,10383,10383,13664,0.36,0.24,90805,90805,90805,90805,90805,90805,171925,171925,171925,171925,171925,171925,343850,343850,343850,343850,343850,343850
neos-873061,3,1063.92,1035.24,1050.02,1009.91,1040.90,1035.07,15726,15726,15726,15726,15726,15726,0.36,0.23,90805,90805,90805,90805,90805,90805,171925,171925,171925,171925,171925,171925,343850,343850,343850,343850,343850,343850
neos-873061,4,584.10,580.17,595.16,592.87,574.39,571.48,7513,7513,7513,7513,7513,7513,0.36,0.23,90805,90805,90805,90805,90805,90805,171925,171925,171925,171925,171925,171925,343850,343850,343850,343850,343850,343850
neos-873061,5,613.16,599.53,639.84,601.00,639.50,635.06,7766,7766,8437,7766,7766,8437,0.39,0.27,90805,90805,90805,90805,90805,90805,171925,171925,171925,171925,171925,171925,343850,343850,343850,343850,343850,343850
neos-911970,1,12.00,11.56,11.77,11.96,11.78,11.92,1332,1332,1332,1332,1332,1332,0.00,0.01,107,107,107,107,107,107,888,888,888,888,888,888,3408,3408,3408,3408,3408,3408
neos-911970,2,17.07,17.97,17.15,17.32,17.18,17.22,3499,3499,3499,3499,3499,3499,0.00,0.01,107,107,107,107,107,107,888,888,888,888,888,888,3408,3408,3408,3408,3408,3408
neos-911970,3,6.74,6.67,15.17,6.61,6.66,15.28,240,240,1466,240,240,1466,0.00,0.01,107,107,107,107,107,107,888,888,888,888,888,888,3408,3408,3408,3408,3408,3408
neos-911970,4,12.68,12.37,12.37,12.35,12.39,12.31,1758,1758,1758,1758,1758,1758,0.00,0.01,107,107,107,107,107,107,888,888,888,888,888,888,3408,3408,3408,3408,3408,3408
neos-911970,5,18.41,18.19,19.59,18.49,19.09,18.75,4010,4010,4010,4010,4010,4010,0.00,0.01,107,107,107,107,107,107,888,888,888,888,888,888,3408,3408,3408,3408,3408,3408
neos-933966,1,423.38,416.90,109.71,423.30,419.72,109.59,429,429,1,429,429,1,0.08,0.29,6772,6772,6772,6772,6772,6772,8232,8232,8232,8232,8232,8232,39837,39837,39837,39837,39837,39837
neos-933966,2,283.46,290.84,40.40,283.34,283.11,40.34,211,211,1,211,211,1,0.10,0.12,6775,6775,6775,6775,6775,6775,8232,8232,8232,8232,8232,8232,39874,39874,39874,39874,39874,39874
neos-933966,3,67.61,67.89,1306.91,67.49,67.44,1300.80,1,1,1531,1,1,1531,0.08,0.22,6772,6772,6772,6772,6772,6772,8232,8232,8232,8232,8232,8232,39840,39840,39840,39840,39840,39840
neos-933966,4,844.86,841.94,32.99,848.69,842.40,33.16,1442,1442,1,1442,1442,1,0.08,0.12,6774,6774,6774,6774,6774,6774,8232,8232,8232,8232,8232,8232,39857,39857,39857,39857,39857,39857
neos-933966,5,56.78,57.99,60.44,57.86,58.00,59.89,1,1,1,1,1,1,0.08,0.13,6774,6774,6774,6774,6774,6774,8232,8232,8232,8232,8232,8232,39861,39861,39861,39861,39861,39861
neos-950242,1,21.62,20.92,22.28,21.41,21.37,22.22,1,1,1,1,1,1,0.01,0.08,32736,32736,32736,32736,32736,32736,4272,4272,4272,4272,4272,4272,101184,101184,101184,101184,101184,101184
neos-950242,2,45.55,45.12,42.40,45.04,45.92,42.61,7,7,16,7,7,16,0.01,0.08,32736,32736,32736,32736,32736,32736,4272,4272,4272,4272,4272,4272,101184,101184,101184,101184,101184,101184
neos-950242,3,28.66,28.55,31.87,28.34,28.64,31.33,8,8,7,8,8,7,0.01,0.08,32736,32736,32736,32736,32736,32736,4272,4272,4272,4272,4272,4272,101184,101184,101184,101184,101184,101184
neos-950242,4,31.16,33.35,31.60,32.19,31.90,31.68,1,1,1,1,1,1,0.01,0.08,32736,32736,32736,32736,32736,32736,4272,4272,4272,4272,4272,4272,101184,101184,101184,101184,101184,101184
neos-950242,5,35.28,34.35,35.70,35.35,35.90,36.22,1,1,1,1,1,1,0.01,0.08,32736,32736,32736,32736,32736,32736,4272,4272,4272,4272,4272,4272,101184,101184,101184,101184,101184,101184
neos-957323,1,170.42,164.26,145.82,169.26,168.87,145.69,3,3,3,3,3,3,0.17,4.10,2680,2680,2680,2680,2680,2680,56949,56949,56949,56949,56949,56949,354640,354640,354640,354640,354640,354640
neos-957323,2,63.69,59.83,111.75,61.49,61.74,112.15,4,4,3,4,4,3,0.06,3.79,2680,2680,2680,2680,2680,2680,56949,56949,56949,56949,56949,56949,354493,354493,354493,354493,354493,354493
neos-957323,3,132.24,130.38,131.77,131.56,130.00,132.42,3,3,3,3,3,3,0.13,4.15,2680,2680,2680,2680,2680,2680,56949,56949,56949,56949,56949,56949,354602,354602,354602,354602,354602,354602
neos-957323,4,157.30,158.14,170.70,160.76,162.38,173.33,3,3,3,3,3,3,0.15,4.22,2680,2680,2680,2680,2680,2680,56949,56949,56949,56949,56949,56949,354471,354471,354471,354471,354471,354471
neos-957323,5,144.46,141.11,339.73,141.24,144.72,331.93,3,3,4,3,3,4,0.19,6.93,2680,2680,2680,2680,2680,2680,56949,56949,56949,56949,56949,56949,354601,354601,354601,354601,354601,354601
neos-960392,1,14.72,13.53,15.04,14.86,14.74,15.30,1,1,1,1,1,1,0.04,0.49,3287,3287,3287,3287,3287,3287,54838,54838,54838,54838,54838,54838,119364,119364,119364,119364,119364,119364
neos-960392,2,125.69,123.48,42.66,125.64,126.14,42.83,86,86,1,86,86,1,0.08,1.04,3286,3286,3286,3286,3286,3286,54838,54838,54838,54838,54838,54838,119360,119360,119360,119360,119360,119360
neos-960392,3,16.31,14.91,15.18,16.44,16.46,14.91,1,1,1,1,1,1,0.05,0.49,3287,3287,3287,3287,3287,3287,54838,54838,54838,54838,54838,54838,119364,119364,119364,119364,119364,119364
neos-960392,4,20.56,20.37,412.71,20.59,20.56,420.91,1,1,351,1,1,351,0.05,1.01,3285,3285,3285,3285,3285,3285,54838,54838,54838,54838,54838,54838,119356,119356,119356,119356,119356,119356
neos-960392,5,62.15,59.97,59.90,61.68,60.33,59.51,18,18,18,18,18,18,0.08,1.02,3285,3285,3285,3285,3285,3285,54838,54838,54838,54838,54838,54838,119356,119356,119356,119356,119356,119356
neos17,1,8.88,8.88,8.85,8.84,8.86,8.86,1250,1250,1250,1250,1250,1250,0.00,0.01,486,486,486,486,486,486,511,511,511,511,511,511,3194,3194,3194,3194,3194,3194
neos17,2,9.62,10.15,9.66,9.58,9.67,9.60,1217,1217,1217,1217,1217,1217,0.00,0.01,486,486,486,486,486,486,511,511,511,511,511,511,3194,3194,3194,3194,3194,3194
neos17,3,8.32,8.41,8.28,8.31,8.35,8.34,1623,1623,1623,1623,1623,1623,0.00,0.01,486,486,486,486,486,486,511,511,511,511,511,511,3194,3194,3194,3194,3194,3194
neos17,4,10.20,10.50,10.18,10.28,10.19,10.21,1154,1154,1154,1154,1154,1154,0.00,0.01,486,486,486,486,486,486,511,511,511,511,511,511,3194,3194,3194,3194,3194,3194
neos17,5,11.81,11.95,11.81,11.78,11.76,11.82,1803,1803,1803,1803,1803,1803,0.00,0.01,486,486,486,486,486,486,511,511,511,511,511,511,3194,3194,3194,3194,3194,3194
neos5,1,182.16,183.15,183.87,184.36,182.76,183.92,275432,275432,275432,275432,275432,275432,0.00,0.00,63,63,63,63,63,63,63,63,63,63,63,63,2016,2016,2016,2016,2016,2016
neos5,2,144.89,146.18,144.17,143.57,145.36,146.40,229628,229628,229628,229628,229628,229628,0.00,0.00,63,63,63,63,63,63,63,63,63,63,63,63,2016,2016,2016,2016,2016,2016
neos5,3,122.48,127.39,125.56,125.43,123.80,124.64,205671,205671,205671,205671,205671,205671,0.00,0.00,63,63,63,63,63,63,63,63,63,63,63,63,2016,2016,2016,2016,2016,2016
neos5,4,221.36,229.38,226.38,225.43,228.36,227.14,346188,346188,346188,346188,346188,346188,0.00,0.00,63,63,63,63,63,63,63,63,63,63,63,63,2016,2016,2016,2016,2016,2016
neos5,5,199.94,204.96,200.20,205.09,199.83,201.04,309847,309847,309847,309847,309847,309847,0.00,0.00,63,63,63,63,63,63,63,63,63,63,63,63,2016,2016,2016,2016,2016,2016
neos8,1,6.84,6.55,6.81,6.86,6.90,6.94,1,1,1,1,1,1,0.07,0.35,16428,16428,16428,16428,16428,16428,560,560,560,560,560,560,51863,51863,51863,51863,51863,51863
neos8,2,7.13,6.93,7.28,7.05,6.94,7.38,1,1,1,1,1,1,0.08,0.34,16933,16933,16933,16933,16933,16933,560,560,560,560,560,560,53378,53378,53378,53378,53378,53378
neos8,3,6.88,6.65,7.39,7.11,6.98,7.34,1,1,1,1,1,1,0.09,0.36,16928,16928,16928,16928,16928,16928,560,560,560,560,560,560,53363,53363,53363,53363,53363,53363
neos8,4,6.85,6.53,7.02,6.77,6.91,7.00,1,1,1,1,1,1,0.07,0.35,16598,16598,16598,16598,16598,16598,560,560,560,560,560,560,52373,52373,52373,52373,52373,52373
neos8,5,6.43,6.29,6.38,6.62,7.00,6.88,1,1,1,1,1,1,0.07,0.33,15653,15653,15653,15653,15653,15653,560,560,560,560,560,560,49538,49538,49538,49538,49538,49538
neos859080,1,3.07,3.05,3.06,3.11,3.09,3.08,4181,4181,4181,4181,4181,4181,0.00,0.00,120,120,120,120,120,120,120,120,120,120,120,120,1128,1128,1128,1128,1128,1128
neos859080,2,1.92,1.90,1.91,1.90,1.91,1.91,2327,2327,2327,2327,2327,2327,0.00,0.00,120,120,120,120,120,120,120,120,120,120,120,120,1128,1128,1128,1128,1128,1128
neos859080,3,4.21,4.28,4.32,4.24,4.21,4.21,2800,2800,2800,2800,2800,2800,0.00,0.00,120,120,120,120,120,120,120,120,120,120,120,120,1128,1128,1128,1128,1128,1128
neos859080,4,4.65,4.71,4.64,4.71,4.64,4.62,3602,3602,3602,3602,3602,3602,0.00,0.00,120,120,120,120,120,120,120,120,120,120,120,120,1128,1128,1128,1128,1128,1128
neos859080,5,1.72,1.77,1.71,1.71,1.73,1.74,888,888,888,888,888,888,0.00,0.00,120,120,120,120,120,120,120,120,120,120,120,120,1128,1128,1128,1128,1128,1128
net12,1,217.23,216.67,428.68,219.80,223.36,428.88,673,673,1620,673,673,1620,0.00,0.04,12749,12749,12749,12749,12749,12749,12507,12507,12507,12507,12507,12507,65114,65114,65114,65114,65114,65114
net12,2,371.90,369.17,712.74,372.61,373.41,711.30,1135,1135,1117,1135,1135,1117,0.00,0.04,12747,12747,12747,12747,12747,12747,12507,12507,12507,12507,12507,12507,65102,65102,65102,65102,65102,65102
net12,3,278.78,276.46,343.77,276.75,279.48,342.96,895,895,947,895,895,947,0.00,0.04,12746,12746,12746,12746,12746,12746,12507,12507,12507,12507,12507,12507,65114,65114,65114,65114,65114,65114
net12,4,1244.71,1298.22,321.66,1235.68,1250.95,321.61,2703,2703,1078,2703,2703,1078,0.01,0.09,12748,12748,12748,12748,12748,12748,12507,12507,12507,12507,12507,12507,65121,65121,65121,65121,65121,65121
net12,5,575.86,575.54,738.35,578.00,573.36,740.20,1929,1929,2136,1929,1929,2136,0.00,0.04,12747,12747,12747,12747,12747,12747,12507,12507,12507,12507,12507,12507,65107,65107,65107,65107,65107,65107
netdiversion,1,1413.06,1433.82,1474.80,1411.74,1427.95,1437.74,19,19,13,19,19,13,0.14,2.60,99583,99583,99583,99583,99583,99583,128968,128968,128968,128968,128968,128968,495982,495982,495982,495982,495982,495982
netdiversion,2,1530.57,1560.91,942.63,1543.37,1549.87,925.00,1,1,1,1,1,1,1.07,7.89,99583,99583,99583,99583,99583,99583,128968,128968,128968,128968,128968,128968,495982,495982,495982,495982,495982,495982
netdiversion,3,544.43,541.49,684.86,545.09,569.29,656.60,1,1,1,1,1,1,0.16,2.55,99583,99583,99583,99583,99583,99583,128968,128968,128968,128968,128968,128968,495982,495982,495982,495982,495982,495982
netdiversion,4,671.85,681.59,668.76,673.26,681.08,678.04,1,1,1,1,1,1,0.17,2.49,99583,99583,99583,99583,99583,99583,128968,128968,128968,128968,128968,128968,495982,495982,495982,495982,495982,495982
netdiversion,5,930.86,906.86,990.34,941.83,950.84,1025.74,10,10,8,10,10,8,0.19,3.93,99583,99583,99583,99583,99583,99583,128968,128968,128968,128968,128968,128968,495982,495982,495982,495982,495982,495982
nexp-150-20-8-5,1,1416.67,1435.38,1469.22,1432.00,1418.45,1434.01,5862,5862,6147,5862,5862,6147,0.06,2.26,4240,4240,4240,4240,4240,4240,18405,18405,18405,18405,18405,18405,38855,38855,38855,38855,38855,38855
nexp-150-20-8-5,2,438.99,411.51,428.52,434.24,443.19,417.67,401,401,401,401,401,401,0.01,0.02,4240,4240,4240,4240,4240,4240,18405,18405,18405,18405,18405,18405,38855,38855,38855,38855,38855,38855
nexp-150-20-8-5,3,1277.22,1291.25,1357.36,1359.40,1281.92,1322.10,2792,2792,2792,2792,2792,2792,0.01,0.02,4240,4240,4240,4240,4240,4240,18405,18405,18405,18405,18405,18405,38855,38855,38855,38855,38855,38855
nexp-150-20-8-5,4,256.43,211.00,282.05,208.80,202.20,284.38,101,101,1554,101,101,1554,0.03,0.38,4240,4240,4240,4240,4240,4240,18405,18405,18405,18405,18405,18405,38855,38855,38855,38855,38855,38855
nexp-150-20-8-5,5,1145.05,1157.51,1161.31,1162.27,1155.38,1150.28,2828,2828,2828,2828,2828,2828,0.01,0.02,4240,4240,4240,4240,4240,4240,18405,18405,18405,18405,18405,18405,38855,38855,38855,38855,38855,38855
ns1116954,1,70.75,67.56,66.42,71.21,73.04,66.14,1,1,1,1,1,1,0.11,0.57,131865,131865,131865,131865,131865,131865,11928,11928,11928,11928,11928,11928,410202,410202,410202,410202,410202,410202
ns1116954,2,82.71,82.94,72.92,81.28,81.52,77.30,1,1,1,1,1,1,0.14,0.57,131865,131865,131865,131865,131865,131865,11928,11928,11928,11928,11928,11928,410218,410218,410218,410218,410218,410218
ns1116954,3,464.68,435.54,236.03,450.52,449.88,250.61,126,126,1,126,126,1,0.13,0.58,131865,131865,131865,131865,131865,131865,11928,11928,11928,11928,11928,11928,410183,410183,410183,410183,410183,410183
ns1116954,4,1067.19,1019.00,98.96,1042.60,983.92,99.23,864,864,1,864,864,1,0.13,0.57,131865,131865,131865,131865,131865,131865,11928,11928,11928,11928,11928,11928,410185,410185,410185,410185,410185,410185
ns1116954,5,82.43,77.48,81.22,81.71,77.46,80.81,1,1,1,1,1,1,0.13,0.59,131865,131865,131865,131865,131865,131865,11928,11928,11928,11928,11928,11928,410205,410205,410205,410205,410205,410205
ns1208400,1,120.65,119.23,122.07,122.45,121.38,121.29,1582,1582,1582,1582,1582,1582,0.01,0.27,1981,1981,1981,1981,1981,1981,2597,2597,2597,2597,2597,2597,73621,73621,73621,73621,73621,73621
ns1208400,2,80.07,78.95,79.49,80.25,79.64,80.16,645,645,645,645,645,645,0.01,0.27,1981,1981,1981,1981,1981,1981,2597,2597,2597,2597,2597,2597,73621,73621,73621,73621,73621,73621
ns1208400,3,103.19,102.55,104.59,103.83,104.83,104.24,1134,1134,1134,1134,1134,1134,0.01,0.27,1981,1981,1981,1981,1981,1981,2597,2597,2597,2597,2597,2597,73621,73621,73621,73621,73621,73621
ns1208400,4,84.89,84.04,84.70,85.03,85.21,84.58,478,478,478,478,478,478,0.01,0.27,1981,1981,1981,1981,1981,1981,2597,2597,2597,2597,2597,2597,73621,73621,73621,73621,73621,73621
ns1208400,5,55.11,54.49,55.37,54.95,55.22,55.65,515,515,515,515,515,515,0.01,0.27,1981,1981,1981,1981,1981,1981,2597,2597,2597,2597,2597,2597,73621,73621,73621,73621,73621,73621
ns1644855,1,813.08,781.04,1104.93,797.32,1116.70,1117.39,1,1,1,1,1,1,0.14,1.16,30498,30498,30498,30498,30498,30498,30199,30199,30199,30199,30199,30199,2087606,2087606,2087606,2087606,2087606,2087606
ns1644855,2,1482.45,1377.95,1664.80,1433.58,1655.62,1634.80,1,1,1,1,1,1,0.15,1.18,30498,30498,30498,30498,30498,30498,30199,30199,30199,30199,30199,30199,2087606,2087606,2087606,2087606,2087606,2087606
ns1644855,3,1282.57,1290.72,1297.25,1331.93,1298.02,1284.00,1,1,1,1,1,1,0.16,1.17,30498,30498,30498,30498,30498,30498,30199,30199,30199,30199,30199,30199,2087606,2087606,2087606,2087606,2087606,2087606
ns1644855,4,1233.22,1181.09,1184.04,1137.73,1157.49,1155.26,1,1,1,1,1,1,0.16,1.18,30498,30498,30498,30498,30498,30498,30199,30199,30199,30199,30199,30199,2087606,2087606,2087606,2087606,2087606,2087606
ns1644855,5,1009.57,967.83,980.37,1028.97,957.97,990.21,1,1,1,1,1,1,0.15,1.18,30498,30498,30498,30498,30498,30498,30199,30199,30199,30199,30199,30199,2087606,2087606,2087606,2087606,2087606,2087606
ns1760995,1,7200.02,7200.11,7200.13,7200.02,7201.87,7200.30,2,749,2,0,0,0,11.56,180.77,25155,25029,25155,25155,25155,25029,15739,15740,15739,15739,15739,15740,1522122,1549062,1522122,1522122,1522122,1549062
ns1760995,2,7200.26,7200.07,5575.75,5590.16,5564.39,7200.07,0,1501,2174,2355,2355,720,8.42,91.06,25127,25002,25127,25127,25127,25002,15735,15737,15735,15735,15735,15737,1529631,1558208,1529631,1529631,1529631,1558208
ns1760995,3,7200.07,7200.03,7200.02,7200.11,7200.47,7201.84,132,590,2,250,120,102,14.71,158.06,25153,25013,25153,25153,25153,25013,15739,15738,15739,15739,15739,15738,1512159,1544090,1512159,1512159,1512159,1544090
ns1760995,4,7225.71,7200.18,7200.08,7207.43,7200.11,7203.28,0,1159,812,0,0,102,13.89,146.32,25271,25035,25271,25271,25271,25035,15742,15734,15742,15742,15742,15734,1541903,1540783,1541903,1541903,1541903,1540783
ns1760995,5,7200.08,7200.06,5940.77,5226.79,5003.41,5448.92,2,687,2185,1464,1463,1691,12.23,91.38,25190,24996,25190,25190,25190,24996,15733,15733,15733,15733,15733,15733,1538709,1551989,1538709,1538709,1538709,1551989
ns1830653,1,295.25,290.90,211.40,295.47,295.38,209.48,12448,12448,7881,12448,12448,7881,0.00,0.05,1434,1434,1434,1434,1434,1434,593,593,593,593,593,593,24275,24275,24275,24275,24275,24275
ns1830653,2,263.78,261.38,374.34,261.47,263.51,372.83,9945,9945,15054,9945,9945,15054,0.00,0.04,1434,1434,1434,1434,1434,1434,593,593,593,593,593,593,24275,24275,24275,24275,24275,24275
ns1830653,3,316.99,318.65,416.06,319.28,324.68,409.45,10393,10393,18350,10393,10393,18350,0.00,0.06,1434,1434,1434,1434,1434,1434,593,593,593,593,593,593,24275,24275,24275,24275,24275,24275
ns1830653,4,367.61,361.01,199.35,365.35,363.36,201.70,14149,14149,6984,14149,14149,6984,0.00,0.05,1433,1433,1433,1433,1433,1433,593,593,593,593,593,593,24321,24321,24321,24321,24321,24321
ns1830653,5,277.81,284.73,309.56,278.21,279.21,315.45,10676,10676,9982,10676,10676,9982,0.00,0.03,1433,1433,1433,1433,1433,1433,593,593,593,593,593,593,24321,24321,24321,24321,24321,24321
ns1952667,1,7200.56,7202.63,7201.02,7200.40,7202.14,7200.43,25642,26143,25642,25627,25744,25627,0.01,0.00,40,40,40,40,40,40,13035,13035,13035,13035,13035,13035,330003,330003,330003,330003,330003,330003
ns1952667,2,2100.39,2102.90,2094.95,2137.67,2115.90,2115.51,5968,5968,5968,5968,5968,5968,0.01,0.00,40,40,40,40,40,40,13035,13035,13035,13035,13035,13035,330003,330003,330003,330003,330003,330003
ns1952667,3,1657.24,1631.90,1656.69,1663.76,1671.55,1658.46,4585,4585,4585,4585,4585,4585,0.01,0.00,40,40,40,40,40,40,13035,13035,13035,13035,13035,13035,330003,330003,330003,330003,330003,330003
ns1952667,4,2477.05,2428.74,2452.20,2459.61,2430.53,2454.02,8251,8251,8251,8251,8251,8251,0.01,0.00,40,40,40,40,40,40,13035,13035,13035,13035,13035,13035,330003,330003,330003,330003,330003,330003
ns1952667,5,7202.66,7200.49,7200.22,7200.42,7203.88,7200.25,25215,25215,25215,25179,25098,25215,0.01,0.00,40,40,40,40,40,40,13035,13035,13035,13035,13035,13035,330003,330003,330003,330003,330003,330003
nu25-pr12,1,6.43,6.32,5.67,6.43,6.31,5.68,7,7,7,7,7,7,0.00,0.01,1521,1521,1521,1521,1521,1521,4263,4263,4263,4263,4263,4263,12922,12922,12922,12922,12922,12922
nu25-pr12,2,5.00,4.89,5.36,5.14,5.27,5.37,22,22,19,19,19,19,0.00,0.02,1521,1521,1521,1521,1521,1521,4263,4263,4263,4263,4263,4263,12922,12922,12922,12922,12922,12922
nu25-pr12,3,7.87,7.66,7.67,7.76,7.82,7.65,9,9,13,9,9,13,0.00,0.02,1521,1521,1521,1521,1521,1521,4263,4263,4263,4263,4263,4263,12922,12922,12922,12922,12922,12922
nu25-pr12,4,4.65,4.45,4.51,4.56,4.65,4.52,37,37,37,37,37,37,0.00,0.01,1521,1521,1521,1521,1521,1521,4263,4263,4263,4263,4263,4263,12922,12922,12922,12922,12922,12922
nu25-pr12,5,7.66,7.46,7.24,7.51,7.52,7.23,26,26,38,26,26,38,0.00,0.02,1521,1521,1521,1521,1521,1521,4263,4263,4263,4263,4263,4263,12922,12922,12922,12922,12922,12922
nursesched-medium-hint03,1,7200.05,7200.33,7200.06,7200.21,7200.26,7200.05,3049,3349,2938,3148,3248,3049,0.56,19.80,12832,12832,12832,12832,12832,12832,33990,33990,33990,33990,33990,33990,1241571,1241571,1241571,1241571,1241571,1241571
nursesched-medium-hint03,2,7200.04,7200.02,7200.98,7200.09,7200.07,7200.07,3402,3507,3132,3574,3421,3165,0.46,23.34,12818,12818,12818,12818,12818,12818,33990,33990,33990,33990,33990,33990,1241210,1241210,1241210,1241210,1241210,1241210
nursesched-medium-hint03,3,7200.05,7200.06,7200.12,7200.29,7200.06,7200.16,2816,2922,2452,2903,2914,2490,0.37,17.29,12818,12818,12818,12818,12818,12818,33990,33990,33990,33990,33990,33990,1241384,1241384,1241384,1241384,1241384,1241384
nursesched-medium-hint03,4,7200.06,7200.33,7200.04,7200.05,7200.40,7200.13,2545,2821,3512,2660,2620,3460,0.49,22.70,12809,12809,12809,12809,12809,12809,33990,33990,33990,33990,33990,33990,1241349,1241349,1241349,1241349,1241349,1241349
nursesched-medium-hint03,5,7200.05,7200.44,7200.12,7200.08,7200.05,7200.07,2148,2575,3083,2228,2376,3238,0.47,19.00,12810,12810,12810,12810,12810,12810,33990,33990,33990,33990,33990,33990,1240974,1240974,1240974,1240974,1240974,1240974
nursesched-sprint02,1,15.33,14.96,17.89,16.66,16.71,18.01,1,1,1,1,1,1,0.07,1.98,3312,3312,3312,3312,3312,3312,10210,10210,10210,10210,10210,10210,409003,409003,409003,409003,409003,409003
nursesched-sprint02,2,17.09,17.65,18.88,18.73,18.52,19.00,1,1,1,1,1,1,0.10,1.92,3297,3297,3297,3297,3297,3297,10210,10210,10210,10210,10210,10210,408966,408966,408966,408966,408966,408966
nursesched-sprint02,3,15.64,15.62,14.86,16.93,17.33,15.18,1,1,1,1,1,1,0.08,1.95,3296,3296,3296,3296,3296,3296,10210,10210,10210,10210,10210,10210,409053,409053,409053,409053,409053,409053
nursesched-sprint02,4,17.80,17.63,18.40,19.14,19.01,18.35,1,1,1,1,1,1,0.08,1.94,3286,3286,3286,3286,3286,3286,10210,10210,10210,10210,10210,10210,408574,408574,408574,408574,408574,408574
nursesched-sprint02,5,16.26,16.08,18.35,17.70,17.46,18.19,1,1,1,1,1,1,0.08,1.94,3298,3298,3298,3298,3298,3298,10210,10210,10210,10210,10210,10210,408713,408713,408713,408713,408713,408713
nw04,1,48.91,47.18,53.00,48.59,48.91,53.01,1,1,1,1,1,1,0.08,0.28,35,35,35,35,35,35,46189,46189,46189,46189,46189,46189,331225,331225,331225,331225,331225,331225
nw04,2,86.26,88.06,87.69,87.99,88.08,87.15,1,1,1,1,1,1,0.63,0.21,35,35,35,35,35,35,46189,46189,46189,46189,46189,46189,331225,331225,331225,331225,331225,331225
nw04,3,52.19,52.77,51.95,50.59,54.13,53.83,1,1,1,1,1,1,0.09,0.08,35,35,35,35,35,35,46189,46189,46189,46189,46189,46189,331225,331225,331225,331225,331225,331225
nw04,4,70.96,71.14,70.82,71.45,69.58,70.63,1,1,1,1,1,1,0.12,0.13,35,35,35,35,35,35,46189,46189,46189,46189,46189,46189,331225,331225,331225,331225,331225,331225
nw04,5,47.21,46.94,49.14,48.57,48.02,50.09,1,1,1,1,1,1,0.09,0.28,35,35,35,35,35,35,46189,46189,46189,46189,46189,46189,331225,331225,331225,331225,331225,331225
opm2-z10-s4,1,7200.03,7203.62,7200.03,7200.03,7203.44,7200.84,2157,2270,933,2151,2153,919,0.39,1.15,145339,145339,145339,145339,145339,145339,5918,5918,5918,5918,5918,5918,337996,337996,337996,337996,337996,337996
opm2-z10-s4,2,7200.11,7200.03,7200.11,7205.63,7200.03,7200.02,864,873,831,874,862,847,0.53,1.13,145339,145339,145339,145339,145339,145339,5918,5918,5918,5918,5918,5918,337996,337996,337996,337996,337996,337996
opm2-z10-s4,3,7200.07,7206.83,7200.10,7205.37,7200.03,7200.11,970,1013,1070,986,954,997,0.45,1.09,145339,145339,145339,145339,145339,145339,5918,5918,5918,5918,5918,5918,337996,337996,337996,337996,337996,337996
opm2-z10-s4,4,7202.89,7200.10,7200.03,7200.03,7200.03,7200.03,696,766,2161,720,724,2184,0.42,1.16,145339,145339,145339,145339,145339,145339,5918,5918,5918,5918,5918,5918,337996,337996,337996,337996,337996,337996
opm2-z10-s4,5,7200.09,7200.08,7200.59,7200.03,7200.29,7202.74,2408,2326,1679,2233,2225,1772,0.46,1.09,145339,145339,145339,145339,145339,145339,5918,5918,5918,5918,5918,5918,337996,337996,337996,337996,337996,337996
p200x1188c,1,0.98,0.97,0.98,0.98,0.99,0.98,0,0,1,0,0,1,0.01,0.01,1388,1388,1388,1388,1388,1388,2376,2376,2376,2376,2376,2376,4752,4752,4752,4752,4752,4752
p200x1188c,2,0.94,0.93,0.96,0.95,0.95,0.98,1,1,1,1,1,1,0.01,0.01,1388,1388,1388,1388,1388,1388,2376,2376,2376,2376,2376,2376,4752,4752,4752,4752,4752,4752
p200x1188c,3,0.93,0.94,0.92,0.91,0.90,0.93,1,1,1,1,1,1,0.01,0.01,1388,1388,1388,1388,1388,1388,2376,2376,2376,2376,2376,2376,4752,4752,4752,4752,4752,4752
p200x1188c,4,0.95,0.95,0.96,0.96,0.96,0.97,1,1,1,1,1,1,0.01,0.01,1388,1388,1388,1388,1388,1388,2376,2376,2376,2376,2376,2376,4752,4752,4752,4752,4752,4752
p200x1188c,5,1.01,1.00,1.03,1.02,1.02,1.03,1,1,1,1,1,1,0.01,0.01,1388,1388,1388,1388,1388,1388,2376,2376,2376,2376,2376,2376,4752,4752,4752,4752,4752,4752
peg-solitaire-a3,1,7200.01,7200.01,7200.01,7200.01,7200.05,7200.01,15817,15800,15104,15806,15865,14936,0.10,0.83,4187,4187,4187,4187,4187,4187,4156,4156,4156,4156,4156,4156,25948,25948,25948,25948,25948,25948
peg-solitaire-a3,2,1381.26,1378.27,7200.01,1388.51,1385.49,7200.01,2608,2608,13477,2608,2608,13321,0.03,1.08,4187,4187,4187,4187,4187,4187,4156,4156,4156,4156,4156,4156,25948,25948,25948,25948,25948,25948
peg-solitaire-a3,3,7200.01,7200.01,7200.01,7200.01,7200.04,7200.01,15263,15263,14364,15263,15263,14420,0.09,1.11,4187,4187,4187,4187,4187,4187,4156,4156,4156,4156,4156,4156,25948,25948,25948,25948,25948,25948
peg-solitaire-a3,4,7200.04,7200.01,7200.01,7200.04,7200.01,7200.00,13952,13952,18073,13917,13919,18254,0.09,1.10,4187,4187,4187,4187,4187,4187,4156,4156,4156,4156,4156,4156,25948,25948,25948,25948,25948,25948
peg-solitaire-a3,5,7200.04,7200.05,7200.02,7200.37,7200.01,7200.02,15169,15169,15270,15166,15129,15270,0.09,1.09,4187,4187,4187,4187,4187,4187,4156,4156,4156,4156,4156,4156,25948,25948,25948,25948,25948,25948
pg,1,6.97,6.78,6.93,6.89,6.88,6.78,78,78,78,78,78,78,0.00,0.01,125,125,125,125,125,125,2700,2700,2700,2700,2700,2700,5200,5200,5200,5200,5200,5200
pg,2,6.52,6.38,6.42,6.39,6.41,6.40,61,61,61,61,61,61,0.00,0.01,125,125,125,125,125,125,2700,2700,2700,2700,2700,2700,5200,5200,5200,5200,5200,5200
pg,3,6.66,6.67,6.68,6.72,6.69,6.69,55,55,55,55,55,55,0.00,0.01,125,125,125,125,125,125,2700,2700,2700,2700,2700,2700,5200,5200,5200,5200,5200,5200
pg,4,14.86,15.03,15.12,15.15,15.31,15.11,294,294,294,294,294,294,0.00,0.01,125,125,125,125,125,125,2700,2700,2700,2700,2700,2700,5200,5200,5200,5200,5200,5200
pg,5,14.41,14.31,15.11,14.33,14.83,14.65,300,300,300,300,300,300,0.00,0.01,125,125,125,125,125,125,2700,2700,2700,2700,2700,2700,5200,5200,5200,5200,5200,5200
pg5_34,1,531.10,515.00,518.83,526.09,526.41,530.60,38627,38627,38627,38627,38627,38627,0.01,0.07,225,225,225,225,225,225,2600,2600,2600,2600,2600,2600,7700,7700,7700,7700,7700,7700
pg5_34,2,705.72,702.23,710.91,710.15,692.29,692.49,42296,42296,42296,42296,42296,42296,0.01,0.04,225,225,225,225,225,225,2600,2600,2600,2600,2600,2600,7700,7700,7700,7700,7700,7700
pg5_34,3,538.40,534.30,536.62,543.33,539.43,539.44,35642,35642,35642,35642,35642,35642,0.01,0.05,225,225,225,225,225,225,2600,2600,2600,2600,2600,2600,7700,7700,7700,7700,7700,7700
pg5_34,4,279.33,274.82,271.33,267.31,276.30,276.22,17423,17423,17423,17423,17423,17423,0.00,0.02,225,225,225,225,225,225,2600,2600,2600,2600,2600,2600,7700,7700,7700,7700,7700,7700
pg5_34,5,637.25,623.19,619.90,641.49,621.39,636.70,36802,36802,36802,36802,36802,36802,0.01,0.03,225,225,225,225,225,225,2600,2600,2600,2600,2600,2600,7700,7700,7700,7700,7700,7700
physiciansched3-3,1,7200.04,7200.02,7200.02,7200.04,7200.02,7200.02,1549,1564,1395,1443,1404,1440,0.18,0.38,21002,21002,21002,21002,21002,21002,10958,10958,10957,10957,10957,10957,203089,203089,203088,203088,203088,203088
physiciansched3-3,2,7200.35,7200.03,7200.03,7200.04,7200.03,7200.05,1626,1629,1622,1433,1431,1630,0.21,0.45,21076,21076,21076,21076,21076,21076,10966,10966,10966,10966,10966,10966,203316,203316,203316,203316,203316,203316
physiciansched3-3,3,7200.13,7200.20,7200.04,7200.15,7200.02,7200.01,1741,1741,1486,1620,1608,1459,0.20,0.35,21028,21028,21028,21028,21028,21028,10956,10956,10955,10955,10955,10955,203090,203090,203089,203089,203089,203089
physiciansched3-3,4,7200.02,7200.05,7200.13,7200.04,7200.01,7200.15,1591,1570,1625,1727,1669,1625,0.20,0.46,21028,21028,21028,21028,21028,21028,10960,10960,10959,10959,10959,10959,202943,202943,202942,202942,202942,202942
physiciansched3-3,5,7200.34,7200.02,7200.07,7200.05,7200.02,7200.02,1624,1625,1460,1490,1465,1668,0.20,0.49,21052,21052,21052,21052,21052,21052,10958,10958,10956,10956,10956,10956,203146,203146,203144,203144,203144,203144
physiciansched6-2,1,17.94,17.93,33.37,18.08,17.94,33.63,1,1,1,1,1,1,0.05,0.15,7923,7923,7923,7923,7923,7923,4648,4648,4648,4648,4648,4648,36944,36944,36944,36944,36944,36944
physiciansched6-2,2,26.42,27.25,22.95,26.20,26.08,23.24,1,1,1,1,1,1,0.06,0.10,7928,7928,7928,7928,7928,7928,4663,4663,4663,4663,4663,4663,36965,36965,36965,36965,36965,36965
physiciansched6-2,3,22.44,22.34,26.22,22.38,22.35,26.38,1,1,1,1,1,1,0.05,0.10,7951,7951,7951,7951,7951,7951,4655,4655,4655,4655,4655,4655,37016,37016,37016,37016,37016,37016
physiciansched6-2,4,20.24,20.64,22.02,20.19,20.20,21.98,1,1,1,1,1,1,0.05,0.06,7976,7976,7976,7976,7976,7976,4652,4652,4652,4652,4652,4652,37152,37152,37152,37152,37152,37152
physiciansched6-2,5,35.91,36.75,30.18,35.88,35.67,30.47,1,1,1,1,1,1,0.07,0.06,7918,7918,7918,7918,7918,7918,4926,4926,4926,4926,4926,4926,36950,36950,36950,36950,36950,36950
piperout-08,1,31.48,27.89,34.01,32.44,31.86,32.93,1,1,1,1,1,1,0.51,2.65,6838,6838,6838,6838,6838,6838,5863,5863,5863,5863,5863,5863,23626,23626,23626,23626,23626,23626
piperout-08,2,34.59,35.48,37.19,34.54,39.38,34.69,1,1,1,1,1,1,0.51,2.63,6836,6836,6836,6836,6836,6836,5867,5867,5867,5867,5867,5867,23598,23598,23598,23598,23598,23598
piperout-08,3,33.79,27.30,34.07,29.32,31.02,33.40,1,1,1,1,1,1,0.46,2.69,6839,6839,6839,6839,6839,6839,5872,5872,5872,5872,5872,5872,23846,23846,23846,23846,23846,23846
piperout-08,4,33.71,29.50,38.83,34.21,33.55,36.36,1,1,1,1,1,1,0.52,2.76,6842,6842,6842,6842,6842,6842,5873,5873,5873,5873,5873,5873,23851,23851,23851,23851,23851,23851
piperout-08,5,25.00,26.87,28.32,27.20,27.40,28.55,1,1,1,1,1,1,0.55,2.57,6841,6841,6841,6841,6841,6841,5867,5867,5867,5867,5867,5867,23771,23771,23771,23771,23771,23771
piperout-27,1,34.85,26.82,35.87,34.37,34.82,36.24,1,1,1,1,1,1,0.58,3.83,9675,9675,9675,9675,9675,9675,6495,6495,6495,6495,6495,6495,30163,30163,30163,30163,30163,30163
piperout-27,2,34.70,33.79,36.63,30.09,32.35,37.93,1,1,1,1,1,1,0.56,3.95,9675,9675,9675,9675,9675,9675,6499,6499,6499,6499,6499,6499,30327,30327,30327,30327,30327,30327
piperout-27,3,34.20,32.51,34.91,35.63,37.70,38.77,1,1,1,1,1,1,0.59,3.84,9676,9676,9676,9676,9676,9676,6496,6496,6496,6496,6496,6496,30170,30170,30170,30170,30170,30170
piperout-27,4,35.67,28.42,41.25,35.23,38.49,41.73,1,1,1,1,1,1,0.51,4.10,9675,9675,9675,9675,9675,9675,6499,6499,6499,6499,6499,6499,30192,30192,30192,30192,30192,30192
piperout-27,5,32.86,31.70,33.63,19.97,28.77,35.95,1,1,1,1,1,1,0.57,3.88,9677,9677,9677,9677,9677,9677,6508,6508,6508,6508,6508,6508,30157,30157,30157,30157,30157,30157
pk1,1,292.14,282.69,278.65,293.01,288.77,282.08,385738,385738,385738,385738,385738,385738,0.00,0.00,45,45,45,45,45,45,86,86,86,86,86,86,915,915,915,915,915,915
pk1,2,229.09,228.50,230.12,227.87,229.53,228.45,296956,296956,296956,296956,296956,296956,0.00,0.00,45,45,45,45,45,45,86,86,86,86,86,86,915,915,915,915,915,915
pk1,3,334.52,316.93,332.35,326.85,331.44,318.08,453024,453024,453024,453024,453024,453024,0.00,0.00,45,45,45,45,45,45,86,86,86,86,86,86,915,915,915,915,915,915
pk1,4,360.30,351.80,364.57,355.50,355.26,370.44,507198,507198,507198,507198,507198,507198,0.00,0.00,45,45,45,45,45,45,86,86,86,86,86,86,915,915,915,915,915,915
pk1,5,319.86,316.08,316.29,318.39,315.72,304.21,430110,430110,430110,430110,430110,430110,0.00,0.00,45,45,45,45,45,45,86,86,86,86,86,86,915,915,915,915,915,915
proteindesign121hz512p9,1,7200.75,7200.54,7204.38,7200.69,7204.55,7204.73,14413,14624,16400,13878,13294,16103,8.79,13.03,223,223,223,223,223,223,78282,78282,78282,78282,78282,78282,246730,246730,246730,246730,246730,246730
proteindesign121hz512p9,2,7200.13,7200.41,7200.55,7203.25,7200.06,7200.14,15918,15672,14551,15782,12862,13123,8.00,10.58,223,223,223,223,223,223,78282,78282,78282,78282,78282,78282,246730,246730,246730,246730,246730,246730
proteindesign121hz512p9,3,7201.29,7200.08,7201.67,7200.48,7200.21,7201.03,12639,12706,12877,13234,13266,12674,15.70,9.39,223,223,223,223,223,223,78282,78282,78282,78282,78282,78282,246730,246730,246730,246730,246730,246730
proteindesign121hz512p9,4,7200.54,7201.18,7204.45,7201.20,7200.58,7203.85,14344,15322,12307,13572,13152,12307,9.50,10.79,223,223,223,223,223,223,78282,78282,78282,78282,78282,78282,246730,246730,246730,246730,246730,246730
proteindesign121hz512p9,5,7204.35,7203.75,7201.29,7201.04,7200.98,7201.60,12881,13154,15191,13534,12562,15237,9.21,12.62,223,223,223,223,223,223,78282,78282,78282,78282,78282,78282,246730,246730,246730,246730,246730,246730
proteindesign122trx11p8,1,7200.32,7203.25,7200.23,7200.11,7202.88,7200.48,9225,9937,10022,9663,8766,9899,7.46,8.74,188,188,188,188,188,188,74897,74897,74897,74897,74897,74897,228654,228654,228654,228654,228654,228654
proteindesign122trx11p8,2,7220.57,7200.08,7200.08,7201.10,7203.58,7200.32,9056,9333,7815,9919,8521,7763,11.23,6.77,188,188,188,188,188,188,74897,74897,74897,74897,74897,74897,228654,228654,228654,228654,228654,228654
proteindesign122trx11p8,3,7200.22,7200.42,7200.03,7230.75,7202.23,7202.78,11305,11381,9231,10079,11537,9331,8.41,10.75,188,188,188,188,188,188,74897,74897,74897,74897,74897,74897,228654,228654,228654,228654,228654,228654
proteindesign122trx11p8,4,7200.54,7201.03,7200.13,7200.19,7203.21,7200.13,8033,8033,9676,10317,8991,9393,3.66,9.34,188,188,188,188,188,188,74897,74897,74897,74897,74897,74897,228654,228654,228654,228654,228654,228654
proteindesign122trx11p8,5,7200.94,7200.19,7200.29,7200.52,7200.44,7224.51,14082,14905,11159,9166,11342,11162,12.66,10.53,188,188,188,188,188,188,74897,74897,74897,74897,74897,74897,228654,228654,228654,228654,228654,228654
qap10,1,133.27,135.42,146.85,133.30,133.93,147.21,0,0,1,0,0,1,0.01,0.51,1820,1820,1820,1820,1820,1820,4150,4150,4150,4150,4150,4150,18200,18200,18200,18200,18200,18200
qap10,2,71.98,71.97,95.97,71.82,72.83,96.12,1,1,0,1,1,0,0.02,0.26,1820,1820,1820,1820,1820,1820,4150,4150,4150,4150,4150,4150,18200,18200,18200,18200,18200,18200
qap10,3,170.44,172.08,179.04,170.51,170.72,179.22,0,0,1,0,0,1,0.01,0.52,1820,1820,1820,1820,1820,1820,4150,4150,4150,4150,4150,4150,18200,18200,18200,18200,18200,18200
qap10,4,128.53,127.88,104.59,129.62,129.19,104.69,0,0,0,0,0,0,0.01,0.26,1820,1820,1820,1820,1820,1820,4150,4150,4150,4150,4150,4150,18200,18200,18200,18200,18200,18200
qap10,5,174.24,175.80,148.06,176.02,175.34,146.87,1,1,0,1,1,0,0.04,0.51,1820,1820,1820,1820,1820,1820,4150,4150,4150,4150,4150,4150,18200,18200,18200,18200,18200,18200
radiationm18-12-05,1,1474.60,1438.60,2306.80,1459.56,1460.41,2322.67,54091,54091,88577,54091,54091,88577,0.03,0.54,3627,3627,3627,3627,3627,3627,3889,3889,3889,3889,3889,3889,13626,13626,13626,13626,13626,13626
radiationm18-12-05,2,1990.12,1949.84,1151.61,1963.80,2023.98,1146.83,75112,75112,62169,75112,75112,62169,0.03,0.34,3627,3627,3627,3627,3627,3627,3889,3889,3889,3889,3889,3889,13626,13626,13626,13626,13626,13626
radiationm18-12-05,3,1803.65,1766.83,2417.72,1790.78,1794.07,2349.76,50813,50813,97260,50813,50813,97260,0.03,0.58,3627,3627,3627,3627,3627,3627,3889,3889,3889,3889,3889,3889,13626,13626,13626,13626,13626,13626
radiationm18-12-05,4,1726.56,1719.54,1238.88,1721.97,1716.99,1236.30,58604,58604,54458,58604,58604,54458,0.03,0.41,3627,3627,3627,3627,3627,3627,3889,3889,3889,3889,3889,3889,13626,13626,13626,13626,13626,13626
radiationm18-12-05,5,2856.32,2805.52,1261.25,2846.50,3337.92,1234.50,90047,90047,41627,90047,90047,41627,0.03,0.41,3627,3627,3627,3627,3627,3627,3889,3889,3889,3889,3889,3889,13626,13626,13626,13626,13626,13626
radiationm40-10-02,1,7200.05,7200.67,7200.22,7200.05,7200.07,7202.96,100122,105402,97516,100122,103641,98990,0.17,1.79,14307,14307,14307,14307,14307,14307,15502,15502,15502,15502,15502,15502,54198,54198,54198,54198,54198,54198
radiationm40-10-02,2,7200.03,7201.00,7203.05,7200.62,7202.03,7204.04,99715,98024,87001,102054,98962,85491,0.16,1.70,14307,14307,14307,14307,14307,14307,15502,15502,15502,15502,15502,15502,54198,54198,54198,54198,54198,54198
radiationm40-10-02,3,7200.79,7200.08,7200.04,7200.02,7200.88,7200.02,106409,109210,87309,109104,105776,89670,0.16,1.52,14307,14307,14307,14307,14307,14307,15502,15502,15502,15502,15502,15502,54198,54198,54198,54198,54198,54198
radiationm40-10-02,4,7200.02,7200.83,7201.89,7200.05,7200.04,7201.37,71035,76395,101902,79482,73457,99184,0.16,1.76,14307,14307,14307,14307,14307,14307,15502,15502,15502,15502,15502,15502,54198,54198,54198,54198,54198,54198
radiationm40-10-02,5,7200.98,7200.02,7202.03,7202.16,7200.03,7200.33,111965,115520,115824,82156,110171,114198,0.17,1.65,14307,14307,14307,14307,14307,14307,15502,15502,15502,15502,15502,15502,54198,54198,54198,54198,54198,54198
rail01,1,1308.91,1266.48,3195.40,2337.95,3696.52,3292.86,1,1,135,115,215,135,2.31,5.59,22063,22063,22063,22063,22063,22063,84787,84787,84787,84787,84787,84787,245204,245204,245204,245204,245204,245204
rail01,2,802.10,739.65,1455.29,3099.90,3319.29,1508.88,1,1,1,108,62,1,1.35,12.83,22070,22070,22070,22070,22070,22070,84859,84859,84859,84859,84859,84859,245218,245218,245218,245218,245218,245218
rail01,3,1998.68,1945.11,1444.22,1142.99,1345.02,1418.29,40,40,1,1,21,1,4.34,11.01,22056,22056,22056,22056,22056,22056,84735,84735,84735,84735,84735,84735,244818,244818,244818,244818,244818,244818
rail01,4,2344.91,2261.56,1791.16,1655.83,2017.48,1747.59,21,21,1,65,64,1,5.84,15.50,22064,22064,22064,22064,22064,22064,84804,84804,84804,84804,84804,84804,245344,245344,245344,245344,245344,245344
rail01,5,1743.30,1760.92,1521.78,1570.17,1469.94,1465.81,11,11,0,39,1,0,2.91,5.08,22065,22065,22065,22065,22065,22065,84792,84792,84792,84792,84792,84792,245197,245197,245197,245197,245197,245197
rail02,1,3794.91,3646.36,3186.77,5190.48,5121.55,3392.24,50,50,31,79,79,31,1.95,5.52,49425,49425,49425,49425,49425,49425,192285,192285,192285,192285,192285,192285,542797,542797,542797,542797,542797,542797
rail02,2,3906.77,3853.33,4750.22,3919.82,3851.81,4679.18,33,33,68,33,33,68,4.21,8.87,49424,49424,49424,49424,49424,49424,192285,192285,192285,192285,192285,192285,542677,542677,542677,542677,542677,542677
rail02,3,4075.60,4113.82,3087.01,4076.63,4049.13,2939.92,35,35,17,41,41,17,3.93,11.99,49426,49426,49426,49426,49426,49426,192290,192290,192290,192290,192290,192290,542906,542906,542906,542906,542906,542906
rail02,4,3260.91,3218.42,3159.61,3562.65,3600.97,3152.47,31,31,37,55,55,37,2.13,5.56,49423,49423,49423,49423,49423,49423,192290,192290,192290,192290,192290,192290,542790,542790,542790,542790,542790,542790
rail02,5,4650.93,4566.10,2876.95,3374.40,3417.19,2925.92,63,63,33,31,31,33,2.08,12.97,49428,49428,49428,49428,49428,49428,192281,192281,192281,192281,192281,192281,542823,542823,542823,542823,542823,542823
rail507,1,671.70,650.55,667.70,674.62,666.01,669.19,2003,2003,2003,2003,2003,2003,0.02,0.02,483,483,483,483,483,483,26114,26114,26114,26114,26114,26114,192844,192844,192844,192844,192844,192844
rail507,2,1009.87,1014.80,1001.94,1022.55,1022.02,1025.67,2948,2948,2948,2948,2948,2948,0.02,0.02,483,483,483,483,483,483,26114,26114,26114,26114,26114,26114,192844,192844,192844,192844,192844,192844
rail507,3,931.32,930.32,926.19,928.48,927.70,926.96,2572,2572,2572,2572,2572,2572,0.02,0.03,483,483,483,483,483,483,26114,26114,26114,26114,26114,26114,192844,192844,192844,192844,192844,192844
rail507,4,939.71,947.76,948.39,935.13,923.43,918.31,2927,2927,2927,2927,2927,2927,0.02,0.02,483,483,483,483,483,483,26114,26114,26114,26114,26114,26114,192844,192844,192844,192844,192844,192844
rail507,5,1053.29,1041.59,1034.59,1045.84,1046.44,1031.87,2932,2932,2932,2932,2932,2932,0.02,0.01,483,483,483,483,483,483,26114,26114,26114,26114,26114,26114,192844,192844,192844,192844,192844,192844
ran14x18-disj-8,1,813.96,824.11,830.81,822.33,820.02,820.26,66801,66801,66801,66801,66801,66801,0.00,0.01,447,447,447,447,447,447,504,504,504,504,504,504,8951,8951,8951,8951,8951,8951
ran14x18-disj-8,2,1075.89,1052.41,1074.10,1074.47,1068.23,1065.03,95625,95625,95625,95625,95625,95625,0.00,0.01,447,447,447,447,447,447,504,504,504,504,504,504,8951,8951,8951,8951,8951,8951
ran14x18-disj-8,3,1536.46,1532.62,1537.98,1545.41,1554.14,1550.57,138910,138910,138910,138910,138910,138910,0.00,0.00,447,447,447,447,447,447,504,504,504,504,504,504,8951,8951,8951,8951,8951,8951
ran14x18-disj-8,4,718.89,726.39,708.47,710.71,723.29,699.65,58850,58850,58850,58850,58850,58850,0.00,0.01,447,447,447,447,447,447,504,504,504,504,504,504,8951,8951,8951,8951,8951,8951
ran14x18-disj-8,5,719.39,707.23,720.85,709.89,721.15,706.12,52868,52868,52868,52868,52868,52868,0.00,0.01,447,447,447,447,447,447,504,504,504,504,504,504,8951,8951,8951,8951,8951,8951
rd-rplusc-21,1,7200.00,7200.01,7200.00,7200.01,7200.01,1694.61,969360,1057807,1019804,1026476,1030177,141234,0.07,1.04,25578,25578,25578,25578,25578,25578,521,521,521,521,521,521,152414,152414,152414,152414,152414,152414
rd-rplusc-21,2,7200.00,7200.01,7200.01,7200.01,7200.01,7132.85,1002220,1242723,1086378,926174,914065,1011099,0.06,1.23,25578,25578,25578,25578,25578,25578,521,521,521,521,521,521,152414,152414,152414,152414,152414,152414
rd-rplusc-21,3,7200.01,7200.01,7200.00,7200.01,7200.01,7200.02,858807,828574,972194,865192,835878,1115702,0.06,1.33,25578,25578,25578,25578,25578,25578,521,521,521,521,521,521,152414,152414,152414,152414,152414,152414
rd-rplusc-21,4,7200.01,7200.00,7200.01,7200.01,7200.01,7200.01,925276,915729,952214,921324,930175,994595,0.06,0.67,25578,25578,25578,25578,25578,25578,521,521,521,521,521,521,152414,152414,152414,152414,152414,152414
rd-rplusc-21,5,7200.01,7200.01,7200.01,7200.00,7200.01,7200.01,1135507,1158741,1181281,1072460,1004779,848167,0.06,1.17,25578,25578,25578,25578,25578,25578,521,521,521,521,521,521,152414,152414,152414,152414,152414,152414
reblock115,1,2571.24,2581.60,2410.61,1931.40,1922.13,2365.62,248442,248442,243250,185668,185668,243250,0.09,0.46,4448,4448,4431,4431,4431,4431,1109,1109,1107,1107,1107,1107,12986,12986,12944,12944,12944,12944
reblock115,2,2664.20,2627.98,2003.61,2728.73,2731.30,2036.50,286403,286403,194083,281055,281055,194083,0.11,0.40,4448,4448,4431,4431,4431,4431,1109,1109,1107,1107,1107,1107,12986,12986,12944,12944,12944,12944
reblock115,3,2182.88,2217.27,2632.91,2467.05,2493.12,2667.12,226052,226052,239716,292567,292567,239716,0.08,0.25,4448,4448,4423,4423,4423,4423,1109,1109,1106,1106,1106,1106,12986,12986,12924,12924,12924,12924
reblock115,4,3081.64,3099.74,2216.60,2606.68,2673.49,2282.77,330514,330514,207081,272718,272718,207081,0.12,0.44,4448,4448,4431,4431,4431,4431,1109,1109,1107,1107,1107,1107,12986,12986,12944,12944,12944,12944
reblock115,5,2357.27,2305.90,2901.28,2314.83,2318.52,2869.41,236949,236949,340694,224298,224298,340694,0.08,0.42,4448,4448,4431,4431,4431,4431,1109,1109,1107,1107,1107,1107,12986,12986,12944,12944,12944,12944
rmatr100-p10,1,118.25,114.18,117.66,116.52,117.23,116.18,1191,1191,1191,1191,1191,1191,0.00,0.00,7260,7260,7260,7260,7260,7260,7359,7359,7359,7359,7359,7359,21877,21877,21877,21877,21877,21877
rmatr100-p10,2,117.07,116.00,116.08,116.84,116.02,116.77,1121,1121,1121,1121,1121,1121,0.00,0.00,7260,7260,7260,7260,7260,7260,7359,7359,7359,7359,7359,7359,21877,21877,21877,21877,21877,21877
rmatr100-p10,3,88.78,87.20,89.20,88.92,88.40,88.46,839,839,839,839,839,839,0.00,0.00,7260,7260,7260,7260,7260,7260,7359,7359,7359,7359,7359,7359,21877,21877,21877,21877,21877,21877
rmatr100-p10,4,117.99,115.39,114.87,117.11,118.35,117.62,1133,1133,1133,1133,1133,1133,0.00,0.00,7260,7260,7260,7260,7260,7260,7359,7359,7359,7359,7359,7359,21877,21877,21877,21877,21877,21877
rmatr100-p10,5,121.61,122.10,119.90,137.37,120.09,117.97,1298,1298,1298,1298,1298,1298,0.00,0.00,7260,7260,7260,7260,7260,7260,7359,7359,7359,7359,7359,7359,21877,21877,21877,21877,21877,21877
rmatr200-p5,1,7200.02,7200.03,7200.04,7200.04,7200.01,7200.01,5745,5851,5574,5894,5733,5628,0.01,0.01,37617,37617,37617,37617,37617,37617,37816,37816,37816,37816,37816,37816,113048,113048,113048,113048,113048,113048
rmatr200-p5,2,7200.05,7200.04,7200.01,7200.05,7200.01,7200.04,6710,6827,6747,6724,6857,6878,0.01,0.01,37617,37617,37617,37617,37617,37617,37816,37816,37816,37816,37816,37816,113048,113048,113048,113048,113048,113048
rmatr200-p5,3,7200.01,7200.01,7200.06,7200.04,7200.01,7200.03,5915,5969,5866,5975,5851,5784,0.01,0.01,37617,37617,37617,37617,37617,37617,37816,37816,37816,37816,37816,37816,113048,113048,113048,113048,113048,113048
rmatr200-p5,4,7200.03,7200.03,7200.01,7200.04,7200.01,7200.06,6252,6443,6376,6353,6335,6294,0.01,0.01,37617,37617,37617,37617,37617,37617,37816,37816,37816,37816,37816,37816,113048,113048,113048,113048,113048,113048
rmatr200-p5,5,7200.01,7200.28,7200.13,7200.03,7200.22,7200.04,5887,6072,6024,6024,6024,6024,0.01,0.01,37617,37617,37617,37617,37617,37617,37816,37816,37816,37816,37816,37816,113048,113048,113048,113048,113048,113048
rocI-4-11,1,2340.18,2066.34,1520.31,2338.06,1973.30,3280.13,101490,83871,60248,101490,85055,119032,0.02,0.08,2579,2581,2579,2579,2579,2581,1055,1055,1055,1055,1055,1055,7779,7785,7779,7779,7779,7785
rocI-4-11,2,1842.03,1473.36,2565.48,1824.67,1828.99,1778.41,60648,57778,102635,60648,60648,77868,0.02,0.12,2580,2588,2580,2580,2580,2588,1053,1056,1053,1053,1053,1056,7792,7816,7792,7792,7792,7816
rocI-4-11,3,4071.63,1102.71,1598.63,4067.20,4085.69,1711.70,147652,54555,69529,147652,147652,73843,0.02,0.13,2593,2595,2593,2593,2593,2595,1065,1065,1065,1065,1065,1065,7826,7832,7826,7826,7826,7832
rocI-4-11,4,2170.90,2108.87,1668.03,2184.57,2206.13,2403.25,82887,73304,71315,82887,82887,104045,0.01,0.13,2589,2591,2589,2589,2589,2591,1058,1058,1058,1058,1058,1058,7823,7829,7823,7823,7823,7829
rocI-4-11,5,1774.53,2862.47,4024.49,1784.86,1793.90,2540.74,68009,94692,128735,68009,68009,99320,0.01,0.14,2587,2589,2587,2587,2587,2589,1058,1058,1058,1058,1058,1058,7806,7812,7806,7806,7806,7812
rocII-5-11,1,7200.01,7200.01,7200.04,7200.01,7200.01,7200.01,247497,254293,282988,222121,226407,283174,0.13,10.03,6127,6127,6069,6069,6069,6069,2274,2274,2253,2253,2253,2253,53501,53501,53090,53090,53090,53090
rocII-5-11,2,7200.01,7200.04,7200.01,7201.79,7200.01,7200.01,279914,262543,312645,278033,280892,287210,0.21,10.54,6127,6127,6069,6069,6069,6069,2274,2274,2253,2253,2253,2253,53501,53501,53090,53090,53090,53090
rocII-5-11,3,7200.02,7200.01,7200.01,7200.01,7200.01,7200.01,266830,268365,261786,312716,303093,261091,0.19,11.24,6126,6126,6068,6068,6068,6068,2273,2273,2252,2252,2252,2252,53499,53499,53088,53088,53088,53088
rocII-5-11,4,7200.01,7200.01,7200.01,7200.02,7200.01,7200.01,217609,260975,264430,261918,257437,289647,0.15,9.25,6128,6128,6070,6070,6070,6070,2274,2274,2253,2253,2253,2253,53508,53508,53097,53097,53097,53097
rocII-5-11,5,7200.01,7200.01,7200.01,7200.01,7200.01,7200.01,246722,263807,303643,246842,276433,299122,0.07,10.70,6127,6127,6069,6069,6069,6069,2274,2274,2253,2253,2253,2253,53501,53501,53090,53090,53090,53090
rococoB10-011000,1,7200.00,7200.01,7200.00,7200.00,7200.01,7200.00,200782,200648,199133,199746,199372,199758,0.01,0.03,720,720,720,720,720,720,3510,3510,3510,3510,3510,3510,13731,13731,13731,13731,13731,13731
rococoB10-011000,2,7200.00,7200.00,7200.03,7200.01,7200.00,7200.00,180696,180493,179634,178908,179720,178751,0.01,0.05,720,720,720,720,720,720,3510,3510,3510,3510,3510,3510,13731,13731,13731,13731,13731,13731
rococoB10-011000,3,7200.00,7200.00,7200.00,7200.00,7200.00,7200.01,215022,216051,217176,213050,214687,214799,0.01,0.06,720,720,720,720,720,720,3510,3510,3510,3510,3510,3510,13731,13731,13731,13731,13731,13731
rococoB10-011000,4,7200.00,7200.01,7200.01,7200.00,7200.00,7200.00,199789,201533,198499,198859,200979,200760,0.01,0.06,720,720,720,720,720,720,3510,3510,3510,3510,3510,3510,13731,13731,13731,13731,13731,13731
rococoB10-011000,5,7200.00,7200.00,7200.02,7200.00,7200.00,7200.00,237111,242075,238185,235567,235283,234752,0.01,0.07,720,720,720,720,720,720,3510,3510,3510,3510,3510,3510,13731,13731,13731,13731,13731,13731
rococoC10-001000,1,352.98,350.38,431.86,351.93,353.13,436.67,9475,9475,13756,9475,9475,13756,0.00,0.02,576,576,576,576,576,576,2442,2442,2442,2442,2442,2442,7244,7244,7244,7244,7244,7244
rococoC10-001000,2,231.54,232.15,231.93,234.18,232.95,231.28,6510,6510,6510,6510,6510,6510,0.00,0.01,576,576,576,576,576,576,2442,2442,2442,2442,2442,2442,7244,7244,7244,7244,7244,7244
rococoC10-001000,3,218.60,217.91,220.00,219.16,218.69,217.81,5700,5700,5700,5700,5700,5700,0.00,0.01,576,576,576,576,576,576,2442,2442,2442,2442,2442,2442,7244,7244,7244,7244,7244,7244
rococoC10-001000,4,285.17,285.28,320.80,284.57,285.97,316.87,9673,9673,12134,9673,9673,12134,0.00,0.02,576,576,576,576,576,576,2442,2442,2442,2442,2442,2442,7244,7244,7244,7244,7244,7244
rococoC10-001000,5,326.09,328.57,331.28,328.68,330.30,328.47,8892,8892,8892,8892,8892,8892,0.00,0.01,576,576,576,576,576,576,2442,2442,2442,2442,2442,2442,7244,7244,7244,7244,7244,7244
roi2alpha3n4,1,2110.02,1801.06,1782.59,2223.94,2263.02,1481.30,11624,8310,8419,11624,11624,7785,0.22,0.27,789,551,789,789,789,551,5364,5364,5364,5364,5364,5364,859104,857908,859104,859104,859104,857908
roi2alpha3n4,2,1633.39,1816.47,1658.02,1608.02,1568.18,1856.84,7224,8443,7506,7224,7224,9044,0.21,0.27,780,553,780,780,780,553,5364,5364,5364,5364,5364,5364,859076,857912,859076,859076,859076,857912
roi2alpha3n4,3,1645.89,1668.41,1854.37,1626.83,1661.20,1655.62,6906,8479,8304,6906,6906,8265,0.32,0.27,794,552,794,794,794,552,5364,5364,5364,5364,5364,5364,859151,857927,859151,859151,859151,857927
roi2alpha3n4,4,1749.07,1746.32,2282.54,1671.57,1764.53,1742.66,8429,8785,10741,8429,8429,7126,0.21,0.64,781,553,781,781,781,553,5364,5364,5364,5364,5364,5364,858977,857888,858977,858977,858977,857888
roi2alpha3n4,5,1832.06,1698.19,1574.61,1885.58,1876.76,1688.48,8334,8508,7381,8334,8334,7799,0.21,0.24,789,554,789,789,789,554,5364,5364,5364,5364,5364,5364,859126,857926,859126,859126,859126,857926
roi5alpha10n8,1,7200.23,7200.12,7200.31,7200.35,7200.28,7200.19,7088,8196,6322,6909,6935,7138,1.56,3.86,2366,1730,2366,2366,2366,1730,29435,29435,29435,29435,29435,29435,2191810,2189393,2191810,2191810,2191810,2189393
roi5alpha10n8,2,7200.10,7200.21,7200.18,7200.19,7200.18,7200.06,7476,7005,7623,7229,7326,7477,1.52,4.53,2371,1740,2371,2371,2371,1740,29435,29435,29435,29435,29435,29435,2191819,2189411,2191819,2191819,2191819,2189411
roi5alpha10n8,3,7200.11,7200.09,7200.19,7200.22,7200.12,7200.29,7460,8460,8051,7296,7367,7647,0.86,4.49,2387,1736,2387,2387,2387,1736,29435,29435,29435,29435,29435,29435,2191913,2189408,2191913,2191913,2191913,2189408
roi5alpha10n8,4,7200.18,7200.36,7200.13,7200.38,7200.30,7200.10,6848,7884,8496,6651,6598,6714,1.67,4.99,2369,1738,2369,2369,2369,1738,29435,29435,29435,29435,29435,29435,2191747,2189384,2191747,2191747,2191747,2189384
roi5alpha10n8,5,7200.08,7200.23,7200.55,7200.08,7200.11,7200.21,8120,7709,5381,8196,8003,7830,1.44,6.70,2367,1737,2367,2367,2367,1737,29435,29435,29435,29435,29435,29435,2191837,2189422,2191837,2191837,2191837,2189422
roll3000,1,67.11,67.45,57.13,68.75,67.46,57.40,2583,2583,1882,2583,2583,1882,0.00,0.06,1508,1508,1508,1508,1508,1508,1010,1010,1010,1010,1010,1010,25081,25081,25081,25081,25081,25081
roll3000,2,49.91,49.01,46.80,48.83,49.71,46.10,1078,1078,1268,1078,1078,1268,0.00,0.06,1511,1511,1511,1511,1511,1511,1010,1010,1010,1010,1010,1010,25101,25101,25101,25101,25101,25101
roll3000,3,37.05,36.66,45.01,36.64,36.35,44.58,740,740,1262,740,740,1262,0.00,0.06,1506,1506,1506,1506,1506,1506,1008,1008,1008,1008,1008,1008,25096,25096,25096,25096,25096,25096
roll3000,4,33.45,34.51,36.29,32.43,33.73,34.97,270,270,314,270,270,314,0.00,0.09,1511,1511,1511,1511,1511,1511,1010,1010,1010,1010,1010,1010,25104,25104,25104,25104,25104,25104
roll3000,5,52.23,53.03,59.59,51.65,51.92,59.46,1786,1786,2096,1786,1786,2096,0.00,0.06,1509,1509,1509,1509,1509,1509,1009,1009,1009,1009,1009,1009,25110,25110,25110,25110,25110,25110
s100,1,7200.35,7200.59,7200.77,7200.02,7200.26,7200.69,8,18,13,0,6,18,7.36,10.81,13965,13965,13965,13965,13965,13965,334634,334634,334634,334634,334634,334634,1296640,1296640,1296640,1296640,1296640,1296640
s100,2,7203.15,7200.35,7200.39,7200.44,7200.44,7200.35,27,30,14,19,19,14,7.24,12.90,13965,13965,13965,13965,13965,13965,334633,334633,334633,334633,334633,334633,1296636,1296636,1296636,1296636,1296636,1296636
s100,3,7200.06,7200.35,7200.45,7200.35,7200.06,7200.40,20,23,19,15,20,27,7.69,12.43,13965,13965,13965,13965,13965,13965,334642,334642,334642,334642,334642,334642,1296672,1296672,1296672,1296672,1296672,1296672
s100,4,7200.71,7200.65,7200.40,7200.55,7200.57,7200.38,0,0,48,0,0,7,4.82,16.60,13965,13965,13965,13965,13965,13965,334635,334635,334635,334635,334635,334635,1296644,1296644,1296644,1296644,1296644,1296644
s100,5,7200.37,7200.15,7200.62,7200.26,7200.34,7200.64,8,34,13,0,0,13,9.03,10.61,13965,13965,13965,13965,13965,13965,334641,334641,334641,334641,334641,334641,1296668,1296668,1296668,1296668,1296668,1296668
s250r10,1,999.36,980.64,1149.67,979.64,1057.80,1189.26,695,695,1167,504,504,1167,5.01,14.72,6614,6614,6614,6614,6614,6614,268234,268234,268234,268234,268234,268234,1207935,1207935,1207935,1207935,1207935,1207935
s250r10,2,729.17,714.21,789.44,799.92,825.33,789.53,492,492,397,710,710,397,3.80,15.16,6614,6614,6614,6614,6614,6614,268234,268234,268234,268234,268234,268234,1207935,1207935,1207935,1207935,1207935,1207935
s250r10,3,600.18,635.39,1012.67,901.72,893.51,985.10,214,214,704,918,918,704,4.56,17.36,6614,6614,6614,6614,6614,6614,268234,268234,268234,268234,268234,268234,1207935,1207935,1207935,1207935,1207935,1207935
s250r10,4,1098.95,1077.04,1088.74,962.07,902.98,1061.55,983,983,681,683,683,681,3.45,19.51,6614,6614,6614,6614,6614,6614,268234,268234,268234,268234,268234,268234,1207935,1207935,1207935,1207935,1207935,1207935
s250r10,5,760.04,781.29,910.68,661.98,683.07,938.85,502,502,450,208,208,450,5.81,15.84,6614,6614,6614,6614,6614,6614,268234,268234,268234,268234,268234,268234,1207935,1207935,1207935,1207935,1207935,1207935
satellites2-40,1,920.99,915.78,564.92,923.90,940.13,573.12,516,516,118,516,516,118,0.74,4.81,17254,17254,17254,17254,17254,17254,31725,31725,31725,31725,31725,31725,260736,260736,260736,260736,260736,260736
satellites2-40,2,740.95,757.38,635.24,735.66,740.67,641.02,117,117,123,114,114,123,1.61,7.07,17254,17254,17254,17254,17254,17254,31725,31725,31725,31725,31725,31725,260736,260736,260736,260736,260736,260736
satellites2-40,3,887.92,890.08,778.18,896.14,897.36,769.59,243,243,260,243,243,260,0.91,6.72,17254,17254,17254,17254,17254,17254,31725,31725,31725,31725,31725,31725,260736,260736,260736,260736,260736,260736
satellites2-40,4,905.80,882.81,740.57,875.95,895.11,736.69,227,227,147,227,227,147,1.07,6.67,17254,17254,17254,17254,17254,17254,31725,31725,31725,31725,31725,31725,260736,260736,260736,260736,260736,260736
satellites2-40,5,684.20,689.52,1130.28,674.19,677.82,1140.18,118,118,515,118,118,515,1.89,7.03,17254,17254,17254,17254,17254,17254,31725,31725,31725,31725,31725,31725,260736,260736,260736,260736,260736,260736
satellites2-60-fs,1,684.61,714.74,571.35,695.51,698.29,575.22,227,227,116,227,227,116,0.87,3.81,12854,12854,12854,12854,12854,12854,31725,31725,31725,31725,31725,31725,112497,112497,112497,112497,112497,112497
satellites2-60-fs,2,734.03,724.73,1094.94,746.26,737.23,1085.92,435,435,637,435,435,637,0.88,3.56,12854,12854,12854,12854,12854,12854,31725,31725,31725,31725,31725,31725,112497,112497,112497,112497,112497,112497
satellites2-60-fs,3,401.41,408.51,761.45,406.68,407.35,753.34,101,101,521,101,101,521,1.46,3.63,12854,12854,12854,12854,12854,12854,31725,31725,31725,31725,31725,31725,112497,112497,112497,112497,112497,112497
satellites2-60-fs,4,659.23,661.45,778.27,676.90,670.77,772.98,392,392,348,392,392,348,0.76,3.84,12854,12854,12854,12854,12854,12854,31725,31725,31725,31725,31725,31725,112497,112497,112497,112497,112497,112497
satellites2-60-fs,5,354.41,354.94,474.13,358.79,416.78,479.49,87,87,235,87,87,235,0.80,3.50,12854,12854,12854,12854,12854,12854,31725,31725,31725,31725,31725,31725,112497,112497,112497,112497,112497,112497
savsched1,1,7200.07,7039.58,7200.08,7200.07,7200.07,7200.07,0,1,0,0,0,0,0.70,1.63,133962,132349,133962,133962,133962,132349,309693,309693,309693,309693,309693,309693,1424929,1418582,1424929,1424929,1424929,1418582
savsched1,2,7200.07,6482.15,7200.08,7200.08,7211.90,6382.99,0,1,0,0,0,1,0.75,1.63,133962,132349,133962,133962,133962,132349,309693,309693,309693,309693,309693,309693,1424929,1418582,1424929,1424929,1424929,1418582
savsched1,3,7201.75,7200.37,7200.24,7200.39,7200.57,7200.57,0,0,0,0,0,0,0.77,0.82,133962,132349,133962,133962,133962,132349,309693,309693,309693,309693,309693,309693,1424929,1418582,1424929,1424929,1424929,1418582
savsched1,4,7200.06,7200.07,7200.08,7200.15,7200.07,7200.36,0,0,0,0,0,0,0.74,1.64,133962,132349,133962,133962,133962,132349,309693,309693,309693,309693,309693,309693,1424929,1418582,1424929,1424929,1424929,1418582
savsched1,5,7201.10,7200.06,7200.07,7200.52,7201.76,7200.07,0,0,0,0,0,0,0.73,1.58,133962,132349,133962,133962,133962,132349,309693,309693,309693,309693,309693,309693,1424929,1418582,1424929,1424929,1424929,1418582
sct2,1,319.23,315.60,501.11,319.19,314.86,500.49,15384,15384,31912,15384,15384,31912,0.01,0.04,1603,1603,1603,1603,1603,1603,3606,3606,3606,3606,3606,3606,18826,18826,18826,18826,18826,18826
sct2,2,449.59,447.24,203.09,451.52,451.21,205.56,19865,19865,9738,19865,19865,9738,0.03,0.03,1603,1603,1603,1603,1603,1603,3606,3606,3606,3606,3606,3606,18826,18826,18826,18826,18826,18826
sct2,3,383.83,389.35,573.00,387.29,386.06,577.82,21101,21101,49845,21101,21101,49845,0.02,0.06,1603,1603,1603,1603,1603,1603,3606,3606,3606,3606,3606,3606,18826,18826,18826,18826,18826,18826
sct2,4,601.96,612.14,1223.91,611.77,615.45,1227.63,44699,44699,92527,44699,44699,92527,0.01,0.04,1603,1603,1603,1603,1603,1603,3606,3606,3606,3606,3606,3606,18826,18826,18826,18826,18826,18826
sct2,5,865.84,852.02,491.10,874.13,866.13,493.66,57696,57696,36094,57696,57696,36094,0.01,0.04,1603,1603,1603,1603,1603,1603,3606,3606,3606,3606,3606,3606,18826,18826,18826,18826,18826,18826
seymour,1,7200.00,7200.00,7200.02,7200.00,7200.01,7200.02,123016,123428,121688,123311,123668,121688,0.00,0.04,4563,4563,4563,4563,4563,4563,889,889,889,889,889,889,29789,29789,29789,29789,29789,29789
seymour,2,7200.00,7200.00,7200.01,7200.00,7200.00,7200.01,116285,119661,116914,118429,120284,119661,0.00,0.04,4563,4563,4563,4563,4563,4563,889,889,889,889,889,889,29789,29789,29789,29789,29789,29789
seymour,3,7200.00,7200.00,7200.01,7200.00,7200.03,7200.00,121878,122539,119732,120329,122694,121006,0.00,0.04,4563,4563,4563,4563,4563,4563,889,889,889,889,889,889,29789,29789,29789,29789,29789,29789
seymour,4,7200.00,7200.01,7200.00,7200.02,7200.00,7200.00,127864,128980,128602,127493,129005,132214,0.00,0.05,4563,4563,4563,4563,4563,4563,889,889,889,889,889,889,29789,29789,29789,29789,29789,29789
seymour,5,7200.01,7200.00,7200.00,7200.00,7200.02,7200.00,138954,141578,128982,140439,138996,140060,0.00,0.05,4563,4563,4563,4563,4563,4563,889,889,889,889,889,889,29789,29789,29789,29789,29789,29789
seymour1,1,158.01,154.34,153.94,156.23,152.91,158.13,2843,2843,2843,2843,2843,2843,0.00,0.00,4563,4563,4563,4563,4563,4563,890,890,890,890,890,890,29839,29839,29839,29839,29839,29839
seymour1,2,189.52,189.86,190.40,190.22,190.51,191.20,3807,3807,3807,3807,3807,3807,0.00,0.00,4563,4563,4563,4563,4563,4563,890,890,890,890,890,890,29839,29839,29839,29839,29839,29839
seymour1,3,131.28,131.74,130.63,130.92,130.51,130.74,2371,2371,2371,2371,2371,2371,0.00,0.00,4563,4563,4563,4563,4563,4563,890,890,890,890,890,890,29839,29839,29839,29839,29839,29839
seymour1,4,131.85,130.80,129.51,131.20,131.69,131.36,2299,2299,2299,2299,2299,2299,0.00,0.00,4563,4563,4563,4563,4563,4563,890,890,890,890,890,890,29839,29839,29839,29839,29839,29839
seymour1,5,179.94,178.33,180.95,180.46,178.23,180.39,3294,3294,3294,3294,3294,3294,0.00,0.00,4563,4563,4563,4563,4563,4563,890,890,890,890,890,890,29839,29839,29839,29839,29839,29839
sing326,1,7200.05,7200.11,7200.15,7200.08,7201.52,7201.17,5163,6749,5486,5427,4714,4515,0.27,9.20,43359,43364,43359,43359,43359,43364,47734,47739,47734,47734,47734,47739,264123,264116,264123,264123,264123,264116
sing326,2,7200.14,7200.06,7200.28,7200.13,7200.05,7200.30,4262,2984,3275,4296,3298,4243,0.33,3.75,43359,43364,43359,43359,43359,43364,47734,47739,47734,47734,47734,47739,264123,264116,264123,264123,264123,264116
sing326,3,7200.10,7200.06,7200.12,7200.15,7200.09,7200.33,6414,5057,5107,6472,5396,4824,0.27,7.40,43359,43364,43359,43359,43359,43364,47734,47739,47734,47734,47734,47739,264123,264116,264123,264123,264123,264116
sing326,4,7200.01,7200.06,7200.08,7200.07,7200.10,7200.09,7069,5956,5469,6896,4305,5800,0.53,5.58,43359,43364,43359,43359,43359,43364,47734,47739,47734,47734,47734,47739,264123,264116,264123,264123,264123,264116
sing326,5,7200.14,7200.45,7200.15,7200.02,7200.08,7200.50,5883,6220,5610,6343,6256,5813,0.57,5.26,43359,43364,43359,43359,43359,43364,47734,47739,47734,47734,47734,47739,264123,264116,264123,264123,264123,264116
sing44,1,7200.07,7200.17,7200.19,7200.12,7200.90,7200.04,3119,3722,3859,3724,3514,3942,0.26,3.68,47074,47086,47074,47074,47074,47086,52037,52049,52037,52037,52037,52049,277293,277259,277293,277293,277293,277259
sing44,2,7201.46,7200.11,7200.58,7200.06,7200.07,7200.70,4630,3433,3647,4634,4105,2901,0.30,3.75,47074,47086,47074,47074,47074,47086,52037,52049,52037,52037,52037,52049,277293,277259,277293,277293,277293,277259
sing44,3,7200.06,7200.07,7200.08,7200.03,7200.04,7200.18,2768,4026,3530,2723,3231,2511,0.40,3.67,47074,47086,47074,47074,47074,47086,52037,52049,52037,52037,52037,52049,277293,277259,277293,277293,277293,277259
sing44,4,7200.06,7200.11,7200.12,7200.13,7200.08,7200.22,4628,2749,3603,4612,3635,2386,0.25,3.78,47074,47086,47074,47074,47074,47086,52037,52049,52037,52037,52037,52049,277293,277259,277293,277293,277293,277259
sing44,5,7200.11,7200.37,7200.09,7200.04,7200.04,7200.03,3206,4797,2791,3592,3613,2852,0.27,5.31,47074,47086,47074,47074,47074,47086,52037,52049,52037,52037,52037,52049,277293,277259,277293,277293,277293,277259
snp-02-004-104,1,1140.88,1072.40,1101.08,1095.25,1098.63,1133.24,6708,6708,6708,6708,6708,6708,0.04,0.10,55833,55833,55833,55833,55833,55833,152132,152132,152132,152132,152132,152132,312483,312483,312483,312483,312483,312483
snp-02-004-104,2,7200.06,7200.47,7200.02,7200.16,7200.05,7200.03,75310,81158,79511,75065,77793,78844,0.05,0.24,55833,55833,55833,55833,55833,55833,152132,152132,152132,152132,152132,152132,312483,312483,312483,312483,312483,312483
snp-02-004-104,3,1203.61,1140.04,1167.35,1151.38,1183.77,1156.49,5677,5677,5677,5677,5677,5677,0.04,0.10,55833,55833,55833,55833,55833,55833,152132,152132,152132,152132,152132,152132,312483,312483,312483,312483,312483,312483
snp-02-004-104,4,974.87,921.00,943.15,962.18,966.10,958.64,4919,4919,4919,4919,4919,4919,0.04,0.10,55833,55833,55833,55833,55833,55833,152132,152132,152132,152132,152132,152132,312483,312483,312483,312483,312483,312483
snp-02-004-104,5,1748.57,1671.56,1731.63,1692.30,1756.26,1739.66,10959,10959,10959,10959,10959,10959,0.04,0.10,55833,55833,55833,55833,55833,55833,152132,152132,152132,152132,152132,152132,312483,312483,312483,312483,312483,312483
sorrell3,1,7200.03,7200.03,7200.03,7200.04,7200.13,7200.15,14893,15697,14691,14795,14489,14489,1.72,1.20,169162,169162,169162,169162,169162,169162,1024,1024,1024,1024,1024,1024,338324,338324,338324,338324,338324,338324
sorrell3,2,7200.14,7200.05,7200.03,7200.06,7200.03,7200.03,15272,15270,15153,15270,15086,15262,1.44,0.53,169162,169162,169162,169162,169162,169162,1024,1024,1024,1024,1024,1024,338324,338324,338324,338324,338324,338324
sorrell3,3,7200.08,7200.07,7200.13,7200.03,7200.03,7200.04,15195,15024,14394,14905,14351,14999,1.11,0.51,169162,169162,169162,169162,169162,169162,1024,1024,1024,1024,1024,1024,338324,338324,338324,338324,338324,338324
sorrell3,4,7200.03,7200.11,7200.06,7200.29,7200.03,7200.11,11367,11572,11572,11572,11498,11564,1.44,0.85,169162,169162,169162,169162,169162,169162,1024,1024,1024,1024,1024,1024,338324,338324,338324,338324,338324,338324
sorrell3,5,7200.03,7200.09,7200.10,7200.06,7200.12,7200.06,12791,14280,13377,14218,12235,12970,1.41,0.83,169162,169162,169162,169162,169162,169162,1024,1024,1024,1024,1024,1024,338324,338324,338324,338324,338324,338324
sp150x300d,1,0.11,0.11,0.11,0.11,0.11,0.11,1,1,1,1,1,1,0.00,0.00,329,329,329,329,329,329,476,476,476,476,476,476,969,969,969,969,969,969
sp150x300d,2,0.11,0.13,0.12,0.12,0.12,0.12,1,1,1,1,1,1,0.00,0.00,329,329,329,329,329,329,476,476,476,476,476,476,969,969,969,969,969,969
sp150x300d,3,0.09,0.09,0.09,0.09,0.09,0.09,1,1,1,1,1,1,0.00,0.00,329,329,329,329,329,329,476,476,476,476,476,476,969,969,969,969,969,969
sp150x300d,4,0.14,0.14,0.14,0.14,0.14,0.14,1,1,1,1,1,1,0.00,0.00,329,329,329,329,329,329,476,476,476,476,476,476,969,969,969,969,969,969
sp150x300d,5,0.10,0.10,0.11,0.10,0.10,0.10,1,1,1,1,1,1,0.00,0.00,329,329,329,329,329,329,476,476,476,476,476,476,969,969,969,969,969,969
sp97ar,1,7200.01,7200.06,7200.05,7200.08,7200.04,7200.03,67063,71598,77999,76293,78268,76841,1.88,36.92,1690,1690,1690,1690,1690,1690,14098,14098,14097,14097,14097,14097,281300,281300,281291,281291,281291,281291
sp97ar,2,7200.09,7200.08,7200.07,7200.06,7200.06,7200.06,68002,70449,81557,66496,70400,77528,1.29,11.30,1690,1690,1690,1690,1690,1690,14098,14098,14097,14097,14097,14097,281300,281300,281291,281291,281291,281291
sp97ar,3,7200.04,7200.38,7200.09,7200.09,7200.05,7200.09,71256,73867,67866,69473,69026,70348,1.23,14.33,1690,1690,1690,1690,1690,1690,14098,14098,14097,14097,14097,14097,281300,281300,281291,281291,281291,281291
sp97ar,4,7200.04,7200.07,7200.11,7200.03,7200.07,7200.16,83777,85909,65652,67608,64925,65895,0.58,14.03,1690,1690,1690,1690,1690,1690,14098,14098,14097,14097,14097,14097,281300,281300,281291,281291,281291,281291
sp97ar,5,7200.13,7200.06,7200.03,7200.03,7200.11,7200.02,75377,84625,75350,78322,73060,71639,1.39,7.28,1690,1690,1690,1690,1690,1690,14098,14098,14097,14097,14097,14097,281300,281300,281291,281291,281291,281291
sp98ar,1,3398.00,3312.56,2728.67,5473.81,5380.47,2757.70,34934,34934,31484,57208,57208,31484,0.97,8.69,1402,1402,1402,1402,1402,1402,15085,15085,15076,15076,15076,15076,419196,419196,419141,419141,419141,419141
sp98ar,2,6867.47,6681.78,3491.04,3470.63,3443.41,3390.73,72819,72819,37248,34915,34915,37248,1.13,25.01,1402,1402,1402,1402,1402,1402,15085,15085,15076,15076,15076,15076,419196,419196,419141,419141,419141,419141
sp98ar,3,5846.70,5897.71,5258.35,4746.84,4736.77,5332.26,62613,62613,55626,43268,43268,55626,2.60,51.22,1402,1402,1402,1402,1402,1402,15085,15085,15076,15076,15076,15076,419196,419196,419141,419141,419141,419141
sp98ar,4,4898.13,5117.33,3881.87,4495.49,4112.68,3262.18,47643,47643,37311,43320,43320,37311,0.75,8.71,1402,1402,1402,1402,1402,1402,15085,15085,15076,15076,15076,15076,419196,419196,419141,419141,419141,419141
sp98ar,5,5216.74,5050.88,4214.63,3927.71,3949.97,4156.97,55566,55566,40168,38158,38158,40168,2.07,26.31,1402,1402,1402,1402,1402,1402,15085,15085,15076,15076,15076,15076,419196,419196,419141,419141,419141,419141
splice1k1,1,7200.05,7200.10,1691.45,7200.28,7200.13,1700.47,1490,2063,1,1847,1520,1,0.54,137.01,6504,6504,6504,6504,6504,6504,3252,3252,3252,3252,3252,3252,1758012,1758012,1758012,1758012,1758012,1758012
splice1k1,2,7201.39,7200.03,1177.86,7200.20,7200.11,1152.54,2787,3233,1,2640,2686,1,0.73,136.87,6504,6504,6504,6504,6504,6504,3252,3252,3252,3252,3252,3252,1758012,1758012,1758012,1758012,1758012,1758012
splice1k1,3,7200.12,7200.19,1272.30,7200.63,7200.08,1284.91,1551,2217,1,1551,2145,1,0.52,137.90,6504,6504,6504,6504,6504,6504,3252,3252,3252,3252,3252,3252,1758012,1758012,1758012,1758012,1758012,1758012
splice1k1,4,7200.62,7200.08,1156.46,7200.17,7200.17,1104.71,5421,6458,0,5313,5313,0,0.51,126.97,6504,6504,6504,6504,6504,6504,3252,3252,3252,3252,3252,3252,1758012,1758012,1758012,1758012,1758012,1758012
splice1k1,5,7200.04,7200.09,1635.50,7200.27,7205.21,1562.84,1684,1843,1,330,1684,1,0.72,138.25,6504,6504,6504,6504,6504,6504,3252,3252,3252,3252,3252,3252,1758012,1758012,1758012,1758012,1758012,1758012
square41,1,7202.58,7203.08,7200.36,7206.20,7210.76,7217.19,83,87,89,82,80,83,2.59,0.35,1754,1754,1754,1754,1754,1754,23828,23828,23828,23828,23828,23828,4336554,4336554,4336554,4336554,4336554,4336554
square41,2,7200.66,7200.36,7200.39,7200.59,7200.41,7200.65,63,68,63,70,60,63,2.83,0.37,1754,1754,1754,1754,1754,1754,23828,23828,23828,23828,23828,23828,4336554,4336554,4336554,4336554,4336554,4336554
square41,3,7200.71,7201.41,7210.47,7200.46,7200.45,7203.74,50,51,50,49,50,45,2.70,0.36,1754,1754,1754,1754,1754,1754,23828,23828,23828,23828,23828,23828,4336554,4336554,4336554,4336554,4336554,4336554
square41,4,7205.45,7200.47,7211.32,7203.39,7200.73,7200.41,62,61,59,64,59,60,2.99,0.37,1754,1754,1754,1754,1754,1754,23828,23828,23828,23828,23828,23828,4336554,4336554,4336554,4336554,4336554,4336554
square41,5,7200.21,7200.20,7206.85,7212.31,7209.99,7201.34,83,85,51,83,81,84,2.76,0.44,1754,1754,1754,1754,1754,1754,23828,23828,23828,23828,23828,23828,4336554,4336554,4336554,4336554,4336554,4336554
square47,1,7200.86,7201.17,7200.85,7200.85,7201.58,7201.00,2,2,2,2,2,2,5.49,2.67,2294,2294,2294,2294,2294,2294,35733,35733,35733,35733,35733,35733,8471002,8471002,8471002,8471002,8471002,8471002
square47,2,7201.36,7200.80,7200.38,7200.41,7201.34,7200.41,2,4,2,2,2,2,5.36,2.76,2294,2294,2294,2294,2294,2294,35733,35733,35733,35733,35733,35733,8471002,8471002,8471002,8471002,8471002,8471002
square47,3,7213.14,7221.94,7205.04,7200.33,7207.75,7200.33,8,7,6,6,7,7,4.21,0.19,2294,2294,2294,2294,2294,2294,35733,35733,35733,35733,35733,35733,8471002,8471002,8471002,8471002,8471002,8471002
square47,4,7218.75,7201.28,7201.32,7228.04,7211.71,7200.99,0,2,2,1,1,2,5.71,0.30,2294,2294,2294,2294,2294,2294,35733,35733,35733,35733,35733,35733,8471002,8471002,8471002,8471002,8471002,8471002
square47,5,7201.10,7200.50,7200.18,7201.06,7213.57,7209.69,2,2,1,2,0,0,5.16,2.39,2294,2294,2294,2294,2294,2294,35733,35733,35733,35733,35733,35733,8471002,8471002,8471002,8471002,8471002,8471002
supportcase10,1,7200.05,7200.43,7200.04,7200.03,7200.15,7200.10,361,427,422,354,362,451,0.37,8.87,105209,105209,105209,105209,105209,105209,8955,8955,8955,8955,8955,8955,361283,361283,361283,361283,361283,361283
supportcase10,2,7200.04,7200.03,7200.05,7200.03,7200.05,7200.03,639,684,548,653,652,509,0.40,8.98,105209,105209,105209,105209,105209,105209,8955,8955,8955,8955,8955,8955,361283,361283,361283,361283,361283,361283
supportcase10,3,7200.13,7200.05,7200.41,7200.06,7200.40,7200.29,489,537,419,489,489,436,0.34,8.95,105209,105209,105209,105209,105209,105209,8955,8955,8955,8955,8955,8955,361283,361283,361283,361283,361283,361283
supportcase10,4,7200.05,7200.03,7201.05,7200.03,7200.05,7200.81,431,436,351,408,400,351,0.37,8.92,105209,105209,105209,105209,105209,105209,8955,8955,8955,8955,8955,8955,361283,361283,361283,361283,361283,361283
supportcase10,5,7200.04,7200.03,7200.98,7200.02,7200.05,7200.07,580,761,465,662,574,430,0.34,8.88,105209,105209,105209,105209,105209,105209,8955,8955,8955,8955,8955,8955,361283,361283,361283,361283,361283,361283
supportcase12,1,7200.15,7200.05,7200.58,7200.24,7200.38,7200.59,10495,10630,10709,10868,10326,10924,0.12,0.30,13943,13943,13943,13943,13943,13943,77448,77448,77448,77448,77448,77448,171905,171905,171905,171905,171905,171905
supportcase12,2,7200.04,7200.74,7200.09,7200.18,7200.08,7200.62,12498,12498,12498,12498,12498,12342,0.14,0.39,13943,13943,13943,13943,13943,13943,77448,77448,77448,77448,77448,77448,171905,171905,171905,171905,171905,171905
supportcase12,3,7200.49,7200.50,7200.90,7200.23,7200.25,7200.94,13183,14412,13725,13273,13807,13629,0.12,0.39,13943,13943,13943,13943,13943,13943,77448,77448,77448,77448,77448,77448,171905,171905,171905,171905,171905,171905
supportcase12,4,7200.07,7200.39,7200.04,7200.06,7200.40,7200.04,8836,8772,8309,8530,8380,8629,0.13,0.30,13943,13943,13943,13943,13943,13943,77448,77448,77448,77448,77448,77448,171905,171905,171905,171905,171905,171905
supportcase12,5,7200.64,7203.05,7201.96,7201.96,7200.22,7200.05,9917,11079,10613,11060,9656,11201,0.13,0.30,13943,13943,13943,13943,13943,13943,77448,77448,77448,77448,77448,77448,171905,171905,171905,171905,171905,171905
supportcase18,1,1309.77,1298.49,1325.63,1320.28,1296.02,1323.82,34680,34680,34680,34680,34680,34680,0.07,1.28,240,240,240,240,240,240,13410,13410,13410,13410,13410,13410,28920,28920,28920,28920,28920,28920
supportcase18,2,6954.57,6755.82,7013.12,7086.88,7072.30,6798.24,158053,158053,158053,158053,158053,158053,0.09,1.75,240,240,240,240,240,240,13410,13410,13410,13410,13410,13410,28920,28920,28920,28920,28920,28920
supportcase18,3,4631.53,4326.45,4396.38,4493.33,4507.76,4509.79,113574,113574,113574,113574,113574,113574,0.08,1.58,240,240,240,240,240,240,13410,13410,13410,13410,13410,13410,28920,28920,28920,28920,28920,28920
supportcase18,4,6403.50,6150.21,6428.53,6428.78,6129.87,6378.40,132273,132273,132273,132273,132273,132273,0.08,1.59,240,240,240,240,240,240,13410,13410,13410,13410,13410,13410,28920,28920,28920,28920,28920,28920
supportcase18,5,1833.92,1830.22,1860.97,1846.10,1824.08,1875.81,52580,52580,52580,52580,52580,52580,0.08,1.52,240,240,240,240,240,240,13410,13410,13410,13410,13410,13410,28920,28920,28920,28920,28920,28920
supportcase19,1,7200.64,7200.60,7200.65,7200.63,7200.61,7200.67,0,0,0,0,0,0,0.23,0.47,10711,10711,10711,10711,10711,10711,1429096,1429096,1429096,1429096,1429096,1429096,4287093,4287093,4287093,4287093,4287093,4287093
supportcase19,2,7200.77,7201.01,7200.98,7201.13,7200.98,7201.01,0,0,0,0,0,0,0.24,0.48,10711,10711,10711,10711,10711,10711,1429096,1429096,1429096,1429096,1429096,1429096,4287093,4287093,4287093,4287093,4287093,4287093
supportcase19,3,7201.08,7201.10,7200.98,7201.45,7201.03,7201.25,0,0,0,0,0,0,0.24,0.47,10711,10711,10711,10711,10711,10711,1429096,1429096,1429096,1429096,1429096,1429096,4287093,4287093,4287093,4287093,4287093,4287093
supportcase19,4,7201.03,7200.92,7200.99,7201.01,7200.98,7200.90,0,0,0,0,0,0,0.26,0.48,10711,10711,10711,10711,10711,10711,1429096,1429096,1429096,1429096,1429096,1429096,4287093,4287093,4287093,4287093,4287093,4287093
supportcase19,5,7200.78,7200.86,7201.02,7200.85,7201.05,7200.99,0,0,0,0,0,0,0.26,0.46,10711,10711,10711,10711,10711,10711,1429096,1429096,1429096,1429096,1429096,1429096,4287093,4287093,4287093,4287093,4287093,4287093
supportcase22,1,7200.30,7224.08,7220.90,7200.07,7214.89,7200.07,62,64,65,59,64,60,0.07,0.70,259962,259962,259962,259962,259962,259962,6489,6489,6489,6489,6489,6489,2227548,2227548,2227548,2227548,2227548,2227548
supportcase22,2,7200.06,7200.05,7202.08,7200.06,7200.06,7200.05,69,73,67,67,65,65,0.07,0.70,259962,259962,259962,259962,259962,259962,6489,6489,6489,6489,6489,6489,2227548,2227548,2227548,2227548,2227548,2227548
supportcase22,3,7200.07,7200.29,7200.29,7200.07,7200.30,7200.08,53,61,62,58,58,58,0.07,0.71,259962,259962,259962,259962,259962,259962,6489,6489,6489,6489,6489,6489,2227548,2227548,2227548,2227548,2227548,2227548
supportcase22,4,7206.29,7200.05,7245.88,7200.18,7200.18,7205.69,101,110,101,101,101,96,0.07,0.70,259962,259962,259962,259962,259962,259962,6489,6489,6489,6489,6489,6489,2227548,2227548,2227548,2227548,2227548,2227548
supportcase22,5,7200.06,7200.05,7200.36,7200.26,7200.07,7200.06,63,78,60,86,54,89,0.07,0.70,259962,259962,259962,259962,259962,259962,6489,6489,6489,6489,6489,6489,2227548,2227548,2227548,2227548,2227548,2227548
supportcase26,1,1215.53,1175.96,1474.40,1207.00,1223.63,1483.26,331813,331813,393248,331813,331813,393248,0.01,0.01,434,434,434,434,434,434,436,436,436,436,436,436,1264,1264,1264,1264,1264,1264
supportcase26,2,1768.18,1752.70,1814.74,1803.59,1799.76,1781.33,522385,522385,517145,522385,522385,517145,0.01,0.01,434,434,434,434,434,434,436,436,436,436,436,436,1264,1264,1264,1264,1264,1264
supportcase26,3,1760.92,1739.63,1752.40,1792.38,1750.37,1786.26,503777,503777,503777,503777,503777,503777,0.01,0.01,434,434,434,434,434,434,436,436,436,436,436,436,1264,1264,1264,1264,1264,1264
supportcase26,4,1597.80,1589.90,1463.82,1593.10,1604.77,1463.16,438848,438848,360091,438848,438848,360091,0.01,0.01,434,434,434,434,434,434,436,436,436,436,436,436,1264,1264,1264,1264,1264,1264
supportcase26,5,1196.84,1172.92,1198.69,1209.66,1192.55,1200.67,331533,331533,331533,331533,331533,331533,0.01,0.01,434,434,434,434,434,434,436,436,436,436,436,436,1264,1264,1264,1264,1264,1264
supportcase33,1,199.83,186.53,227.59,198.94,201.01,224.30,1875,1875,2832,1875,1875,2832,0.56,1.36,2293,2293,2293,2293,2293,2293,6093,6093,6093,6093,6093,6093,48161,48161,48161,48161,48161,48161
supportcase33,2,296.04,280.50,265.91,286.51,294.18,270.32,3308,3308,4243,2900,3317,4243,1.31,2.83,2284,2284,2284,2284,2284,2284,6092,6092,6092,6092,6092,6092,47991,47991,47991,47991,47991,47991
supportcase33,3,505.39,511.77,195.58,197.26,186.95,193.87,9423,9423,1996,1694,1694,1996,1.34,1.34,2296,2296,2296,2296,2296,2296,6093,6093,6093,6093,6093,6093,48774,48774,48774,48774,48774,48774
supportcase33,4,332.18,325.35,522.97,358.82,332.38,496.30,5178,5178,8574,5178,5178,8574,0.61,1.39,2289,2289,2289,2289,2289,2289,6089,6089,6089,6089,6089,6089,48577,48577,48577,48577,48577,48577
supportcase33,5,224.76,209.24,194.86,226.39,217.12,214.40,2298,2298,2008,2298,2298,2008,0.62,1.32,2292,2292,2292,2292,2292,2292,6092,6092,6092,6092,6092,6092,48389,48389,48389,48389,48389,48389
supportcase40,1,1687.78,1686.31,1690.79,1711.99,1683.11,1699.91,10893,10893,10893,10893,10893,10893,0.01,0.00,8469,8469,8469,8469,8469,8469,5068,5068,5068,5068,5068,5068,24192,24192,24192,24192,24192,24192
supportcase40,2,2039.41,2018.60,2064.56,2029.76,2049.33,2063.61,12776,12776,12776,12776,12776,12776,0.01,0.01,8469,8469,8469,8469,8469,8469,5068,5068,5068,5068,5068,5068,24192,24192,24192,24192,24192,24192
supportcase40,3,1359.46,1359.00,1372.13,1357.24,1355.83,1374.67,8324,8324,8324,8324,8324,8324,0.01,0.00,8469,8469,8469,8469,8469,8469,5068,5068,5068,5068,5068,5068,24192,24192,24192,24192,24192,24192
supportcase40,4,1250.26,1255.12,1251.62,1229.47,1231.21,1251.99,7544,7544,7544,7544,7544,7544,0.01,0.00,8469,8469,8469,8469,8469,8469,5068,5068,5068,5068,5068,5068,24192,24192,24192,24192,24192,24192
supportcase40,5,1329.80,1314.74,1442.96,1338.78,1322.78,1316.98,7398,7398,7398,7398,7398,7398,0.01,0.00,8469,8469,8469,8469,8469,8469,5068,5068,5068,5068,5068,5068,24192,24192,24192,24192,24192,24192
supportcase42,1,7200.08,7202.00,7200.20,7200.55,7200.04,7200.07,73973,75664,74130,75664,74569,73973,0.01,0.31,18157,18157,18157,18157,18157,18157,19183,19183,19183,19183,19183,19183,435089,435089,435089,435089,435089,435089
supportcase42,2,7200.08,7200.15,7201.37,7201.94,7203.33,7200.11,57502,58203,57922,57502,57922,57502,0.01,0.36,18157,18157,18157,18157,18157,18157,19183,19183,19183,19183,19183,19183,435089,435089,435089,435089,435089,435089
supportcase42,3,7200.16,7200.03,7200.11,7200.01,7200.02,7200.05,55072,61712,53577,54360,55932,52323,0.01,0.71,18157,18157,18157,18157,18157,18157,19183,19183,19183,19183,19183,19183,435089,435089,435089,435089,435089,435089
supportcase42,4,7200.18,7200.24,7200.29,7200.21,7200.22,7200.30,35241,36750,36420,35312,34908,36353,0.01,0.36,18157,18157,18157,18157,18157,18157,19183,19183,19183,19183,19183,19183,435089,435089,435089,435089,435089,435089
supportcase42,5,7200.07,7200.03,7200.07,7200.04,7200.33,7200.17,59025,62634,59701,58609,58290,60210,0.01,0.36,18157,18157,18157,18157,18157,18157,19183,19183,19183,19183,19183,19183,435089,435089,435089,435089,435089,435089
supportcase6,1,7200.08,7200.23,7200.23,7201.01,7200.40,7200.45,16590,16954,18761,16679,16741,17995,8.79,25.47,763,763,763,763,763,763,130043,130043,130043,130043,130043,130043,583550,583550,583550,583550,583550,583550
supportcase6,2,7201.00,7200.44,7200.96,7200.63,7200.47,7200.50,16442,16488,17129,16691,16705,16751,4.07,18.47,763,763,763,763,763,763,130043,130043,130043,130043,130043,130043,583550,583550,583550,583550,583550,583550
supportcase6,3,7200.04,7200.14,7200.21,7200.07,7200.05,7200.21,14498,14335,17235,14709,14403,17247,11.36,17.53,763,763,763,763,763,763,130043,130043,130043,130043,130043,130043,583550,583550,583550,583550,583550,583550
supportcase6,4,7200.48,7200.29,7200.31,7201.17,7200.09,7200.94,15953,16046,18970,15529,16016,19136,3.72,15.49,763,763,763,763,763,763,130043,130043,130043,130043,130043,130043,583550,583550,583550,583550,583550,583550
supportcase6,5,7200.29,7200.27,7200.20,7200.48,7200.88,7200.77,16017,16141,19369,15799,15313,19689,5.77,19.50,763,763,763,763,763,763,130043,130043,130043,130043,130043,130043,583550,583550,583550,583550,583550,583550
supportcase7,1,138.62,137.97,142.66,141.09,138.99,141.91,85,85,85,85,85,85,0.08,1.24,3360,3360,3360,3360,3360,3360,12068,12068,12068,12068,12068,12068,238817,238817,238817,238817,238817,238817
supportcase7,2,97.45,95.92,98.53,98.55,100.77,98.94,22,22,22,22,22,22,0.07,1.11,3360,3360,3360,3360,3360,3360,12068,12068,12068,12068,12068,12068,238817,238817,238817,238817,238817,238817
supportcase7,3,98.26,96.64,98.68,97.70,99.64,98.78,9,9,9,9,9,9,0.08,1.09,3360,3360,3360,3360,3360,3360,12068,12068,12068,12068,12068,12068,238817,238817,238817,238817,238817,238817
supportcase7,4,86.75,85.01,88.09,89.06,89.05,89.50,11,11,11,11,11,11,0.07,1.17,3360,3360,3360,3360,3360,3360,12068,12068,12068,12068,12068,12068,238817,238817,238817,238817,238817,238817
supportcase7,5,98.34,96.59,98.74,98.09,99.26,98.63,10,10,10,10,10,10,0.07,0.98,3360,3360,3360,3360,3360,3360,12068,12068,12068,12068,12068,12068,238817,238817,238817,238817,238817,238817
swath1,1,21.78,20.45,24.87,21.36,22.50,25.48,103,103,211,103,103,211,0.01,0.69,482,482,482,482,482,482,6260,6260,6260,6260,6260,6260,25480,25480,25480,25480,25480,25480
swath1,2,21.21,20.38,24.37,21.40,22.37,25.40,133,133,135,133,133,135,0.01,0.70,482,482,482,482,482,482,6260,6260,6260,6260,6260,6260,25480,25480,25480,25480,25480,25480
swath1,3,21.12,20.44,23.25,20.53,22.11,23.46,115,115,115,115,115,115,0.01,0.48,482,482,482,482,482,482,6260,6260,6260,6260,6260,6260,25480,25480,25480,25480,25480,25480
swath1,4,18.61,18.99,21.89,19.35,19.76,21.76,119,119,119,119,119,119,0.01,0.50,482,482,482,482,482,482,6260,6260,6260,6260,6260,6260,25480,25480,25480,25480,25480,25480
swath1,5,22.99,22.90,30.00,23.00,23.19,32.33,135,135,203,135,135,203,0.01,0.60,482,482,482,482,482,482,6260,6260,6260,6260,6260,6260,25480,25480,25480,25480,25480,25480
swath3,1,221.00,212.47,214.96,223.98,222.16,225.52,18939,18939,18813,18939,18939,18813,0.05,1.41,482,482,482,482,482,482,6260,6260,6260,6260,6260,6260,25480,25480,25480,25480,25480,25480
swath3,2,173.12,167.25,178.59,153.94,173.00,177.20,12618,12618,12640,12618,12618,12640,0.05,1.40,482,482,482,482,482,482,6260,6260,6260,6260,6260,6260,25480,25480,25480,25480,25480,25480
swath3,3,339.11,328.93,311.43,343.18,323.47,307.15,28489,28489,22432,28489,28489,22432,0.09,2.46,482,482,482,482,482,482,6260,6260,6260,6260,6260,6260,25480,25480,25480,25480,25480,25480
swath3,4,177.44,164.48,180.70,174.08,177.63,153.73,13159,13159,12999,13159,13159,12999,0.05,1.39,482,482,482,482,482,482,6260,6260,6260,6260,6260,6260,25480,25480,25480,25480,25480,25480
swath3,5,147.85,140.57,141.44,141.94,148.26,146.75,10835,10835,10835,10835,10835,10835,0.05,1.50,482,482,482,482,482,482,6260,6260,6260,6260,6260,6260,25480,25480,25480,25480,25480,25480
tbfp-network,1,788.28,771.96,1069.05,799.94,805.83,1071.12,358,358,318,358,358,318,1.11,1.85,2435,2435,2435,2435,2435,2435,72746,72746,72746,72746,72746,72746,215835,215835,215835,215835,215835,215835
tbfp-network,2,453.80,443.14,429.84,450.81,448.52,431.35,36,36,66,42,42,66,4.09,1.95,2435,2435,2435,2435,2435,2435,72746,72746,72746,72746,72746,72746,215835,215835,215835,215835,215835,215835
tbfp-network,3,225.39,218.22,224.13,237.67,230.25,238.89,6,6,1,1,1,1,4.78,10.37,2435,2435,2435,2435,2435,2435,72745,72745,72745,72745,72745,72745,215833,215833,215833,215833,215833,215833
tbfp-network,4,237.17,241.10,262.38,240.05,235.49,262.84,1,1,5,3,3,5,4.91,5.36,2435,2435,2435,2435,2435,2435,72746,72746,72746,72746,72746,72746,215835,215835,215835,215835,215835,215835
tbfp-network,5,283.31,287.19,224.38,305.94,304.39,235.82,6,6,7,5,5,7,3.23,3.71,2435,2435,2435,2435,2435,2435,72744,72744,72744,72744,72744,72744,215830,215830,215830,215830,215830,215830
thor50dday,1,7200.04,7200.38,7200.04,7200.12,7200.30,7200.10,12527,12602,12581,12156,12090,12552,0.80,0.81,53360,53360,53360,53360,53360,53360,106260,106260,106260,106260,106260,106260,212060,212060,212060,212060,212060,212060
thor50dday,2,7200.34,7200.15,7200.18,7200.06,7200.13,7200.15,10882,11102,10690,11006,10874,11015,0.63,0.68,53360,53360,53360,53360,53360,53360,106260,106260,106260,106260,106260,106260,212060,212060,212060,212060,212060,212060
thor50dday,3,7200.24,7200.33,7200.54,7200.09,7200.12,7200.08,9690,9833,9593,9989,9978,9778,0.62,0.59,53360,53360,53360,53360,53360,53360,106260,106260,106260,106260,106260,106260,212060,212060,212060,212060,212060,212060
thor50dday,4,7200.26,7200.06,7200.31,7200.17,7201.12,7200.16,8718,9572,8768,8754,8912,8870,0.78,0.81,53360,53360,53360,53360,53360,53360,106260,106260,106260,106260,106260,106260,212060,212060,212060,212060,212060,212060
thor50dday,5,7200.04,7200.12,7200.04,7200.06,7200.09,7200.12,31148,31577,31148,31148,31148,32687,0.91,1.36,53360,53360,53360,53360,53360,53360,106260,106260,106260,106260,106260,106260,212060,212060,212060,212060,212060,212060
timtab1,1,78.72,76.88,79.06,77.94,78.36,78.73,10129,10129,10129,10129,10129,10129,0.00,0.00,161,161,161,161,161,161,361,361,361,361,361,361,811,811,811,811,811,811
timtab1,2,84.88,83.38,84.83,85.18,85.44,85.61,9805,9805,9805,9805,9805,9805,0.00,0.00,161,161,161,161,161,161,361,361,361,361,361,361,811,811,811,811,811,811
timtab1,3,78.84,78.18,77.99,77.97,78.66,77.22,11264,11264,11264,11264,11264,11264,0.00,0.00,161,161,161,161,161,161,361,361,361,361,361,361,811,811,811,811,811,811
timtab1,4,73.79,73.00,73.24,73.62,73.51,73.45,9571,9571,9571,9571,9571,9571,0.00,0.00,161,161,161,161,161,161,361,361,361,361,361,361,811,811,811,811,811,811
timtab1,5,106.77,106.20,116.88,107.68,106.81,105.62,12501,12501,12501,12501,12501,12501,0.00,0.00,161,161,161,161,161,161,361,361,361,361,361,361,811,811,811,811,811,811
tr12-30,1,272.51,554.10,273.98,272.01,275.14,556.21,31625,63633,31625,31625,31625,63633,0.00,0.00,722,722,722,722,722,722,1052,1052,1052,1052,1052,1052,2444,2444,2444,2444,2444,2444
tr12-30,2,395.54,344.09,395.45,394.97,398.17,350.38,47579,35919,47579,47579,47579,35919,0.00,0.00,722,722,722,722,722,722,1052,1052,1052,1052,1052,1052,2444,2444,2444,2444,2444,2444
tr12-30,3,416.54,264.90,418.51,420.90,418.15,266.25,52186,32841,52186,52186,52186,32841,0.00,0.00,722,722,722,722,722,722,1052,1052,1052,1052,1052,1052,2444,2444,2444,2444,2444,2444
tr12-30,4,417.80,263.98,426.82,425.10,425.50,266.46,49605,26133,49605,49605,49605,26133,0.00,0.00,722,722,722,722,722,722,1052,1052,1052,1052,1052,1052,2444,2444,2444,2444,2444,2444
tr12-30,5,306.17,328.79,299.61,301.98,301.27,330.12,34814,38945,34814,34814,34814,38945,0.00,0.00,722,722,722,722,722,722,1052,1052,1052,1052,1052,1052,2444,2444,2444,2444,2444,2444
traininstance2,1,7200.00,7200.00,7200.01,7200.00,7200.00,7200.00,3720850,3797446,3975814,3431749,3445884,4027624,0.04,4.77,2990,2990,2990,2990,2990,2990,1490,1490,1490,1490,1490,1490,11518,11518,11518,11518,11518,11518
traininstance2,2,7200.00,7200.00,7200.00,7200.00,7200.00,7200.00,3478365,3609231,3753135,3360856,3882346,3760255,0.04,6.01,3042,3042,3042,3042,3042,3042,1516,1516,1516,1516,1516,1516,11726,11726,11726,11726,11726,11726
traininstance2,3,7200.00,7200.00,7200.00,7200.00,7200.00,7200.00,3929022,3854408,3202987,3864110,3560313,3064752,0.04,7.80,3032,3032,3032,3032,3032,3032,1511,1511,1511,1511,1511,1511,11686,11686,11686,11686,11686,11686
traininstance2,5,7200.00,7200.00,7200.00,7200.00,7200.00,7200.00,3660421,3902546,4376998,3675648,3588647,4723538,0.03,7.01,3006,3006,3006,3006,3006,3006,1498,1498,1498,1498,1498,1498,11582,11582,11582,11582,11582,11582
traininstance6,1,1598.91,1453.94,327.07,1982.37,1928.20,325.88,553562,553562,160165,896483,896483,160165,0.02,3.04,2314,2314,2314,2314,2314,2314,1161,1161,1161,1161,1161,1161,9054,9054,9054,9054,9054,9054
traininstance6,2,381.97,368.70,370.96,424.53,438.80,399.01,212891,212891,164083,213769,213769,164083,0.02,3.29,2314,2314,2314,2314,2314,2314,1161,1161,1161,1161,1161,1161,9054,9054,9054,9054,9054,9054
traininstance6,3,953.39,940.33,737.22,943.84,945.88,780.52,577615,577615,391987,577615,577615,391987,0.01,8.51,2314,2314,2314,2314,2314,2314,1161,1161,1161,1161,1161,1161,9054,9054,9054,9054,9054,9054
traininstance6,4,365.08,365.98,448.40,370.57,380.41,453.39,158608,158608,207117,167075,167075,207117,0.02,2.85,2314,2314,2314,2314,2314,2314,1161,1161,1161,1161,1161,1161,9054,9054,9054,9054,9054,9054
traininstance6,5,321.15,312.15,262.98,316.43,319.19,264.74,202775,202775,162349,202775,202775,162349,0.01,1.17,2314,2314,2314,2314,2314,2314,1161,1161,1161,1161,1161,1161,9054,9054,9054,9054,9054,9054
trento1,1,7200.02,7200.04,7200.03,7200.07,7200.01,7200.01,23415,23540,20774,27678,22198,20870,0.01,1.48,1192,1192,1192,1192,1192,1192,7606,7606,7606,7606,7606,7606,89185,89185,89185,89185,89185,89185
trento1,2,7200.02,7200.01,7200.02,7200.20,7200.04,7200.02,23358,23594,21730,34920,23593,21485,0.16,2.19,1192,1192,1192,1192,1192,1192,7606,7606,7606,7606,7606,7606,89185,89185,89185,89185,89185,89185
trento1,3,4524.93,4490.57,7099.63,4671.76,7200.01,3075.14,22270,22270,26370,23259,28893,10648,0.12,3.93,1192,1192,1192,1192,1192,1192,7606,7606,7606,7606,7606,7606,89185,89185,89185,89185,89185,89185
trento1,4,5991.70,5991.57,7200.02,3576.85,3587.39,7200.04,25001,25001,34400,14050,14050,32911,0.02,4.45,1192,1192,1192,1192,1192,1192,7606,7606,7606,7606,7606,7606,89185,89185,89185,89185,89185,89185
trento1,5,7200.02,7200.56,7200.02,7200.25,7200.01,7202.53,21840,21962,21796,21792,21626,21929,0.00,0.03,1192,1192,1192,1192,1192,1192,7606,7606,7606,7606,7606,7606,89185,89185,89185,89185,89185,89185
triptim1,1,99.99,92.08,112.49,112.46,112.60,107.60,1,1,1,1,1,1,0.08,2.74,14577,14577,14577,14577,14577,14577,24002,24002,23887,23887,23887,23887,474003,474003,468102,468102,468102,468102
triptim1,2,142.30,128.46,111.45,112.50,103.96,106.97,1,1,1,1,1,1,0.10,1.36,14576,14576,14576,14576,14576,14576,23994,23994,23885,23885,23885,23885,473684,473684,468099,468099,468099,468099
triptim1,3,2311.43,2353.17,93.69,97.98,96.41,88.92,1,1,1,1,1,1,0.08,1.36,14576,14576,14576,14576,14576,14576,23997,23997,23885,23885,23885,23885,473810,473810,468099,468099,468099,468099
triptim1,4,95.08,81.48,130.64,124.60,107.15,143.67,1,1,1,1,1,1,0.08,2.73,14572,14572,14572,14572,14572,14572,23982,23982,23879,23879,23879,23879,473381,473381,468089,468089,468089,468089
triptim1,5,100.34,87.53,131.73,129.09,126.71,128.83,1,1,1,1,1,1,0.09,2.72,14577,14577,14577,14577,14577,14577,24000,24000,23887,23887,23887,23887,473883,473883,468102,468102,468102,468102
uccase12,1,1591.80,1383.50,1311.63,1543.34,1577.02,1175.01,34064,34064,22469,37027,37027,22469,0.38,1.17,88254,88254,88254,88254,88254,88254,40240,40240,40240,40240,40240,40240,341736,341736,341736,341736,341736,341736
uccase12,2,1600.73,1490.38,2151.72,1682.85,1586.12,1940.69,32618,32618,45940,32618,32618,45940,0.21,1.22,88254,88254,88254,88254,88254,88254,40240,40240,40240,40240,40240,40240,341736,341736,341736,341736,341736,341736
uccase12,3,1155.22,1173.71,861.93,1099.84,1187.79,908.41,20464,20464,15821,20464,20464,15821,0.25,2.14,88254,88254,88254,88254,88254,88254,40240,40240,40240,40240,40240,40240,341736,341736,341736,341736,341736,341736
uccase12,4,614.67,669.50,1259.29,663.41,647.25,1228.89,8874,8874,24141,8874,8874,24141,0.20,0.88,88254,88254,88254,88254,88254,88254,40240,40240,40240,40240,40240,40240,341736,341736,341736,341736,341736,341736
uccase12,5,1643.42,1524.95,1386.65,1499.93,1483.82,1356.63,35709,35709,24814,35709,35709,24814,0.41,0.79,88254,88254,88254,88254,88254,88254,40240,40240,40240,40240,40240,40240,341736,341736,341736,341736,341736,341736
uccase9,1,7200.04,7200.05,7200.09,7200.57,7200.05,7200.07,1644,1725,4811,1629,1669,5005,0.12,0.61,33019,33019,33019,33019,33019,33019,22690,22690,22690,22690,22690,22690,255440,255440,255440,255440,255440,255440
uccase9,2,7200.01,7201.36,7200.42,7200.35,7200.06,7201.51,1808,1805,1805,1809,1806,1805,0.13,0.41,33019,33019,33019,33019,33019,33019,22690,22690,22690,22690,22690,22690,255440,255440,255440,255440,255440,255440
uccase9,3,7200.41,7200.09,7200.04,7200.46,7201.30,7200.05,3918,3899,3956,3956,3956,3948,0.13,0.48,33019,33019,33019,33019,33019,33019,22690,22690,22690,22690,22690,22690,255440,255440,255440,255440,255440,255440
uccase9,4,7200.08,7200.05,7200.34,7200.03,7200.06,7200.02,1799,1791,1973,1840,1791,1838,0.08,0.12,33127,33127,33127,33127,33127,33127,22744,22744,22744,22744,22744,22744,256304,256304,256304,256304,256304,256304
uccase9,5,7200.14,7200.09,7200.09,7200.04,7200.10,7200.02,3637,4298,1648,4174,2778,1980,0.12,0.14,33127,33127,33127,33127,33127,33127,22744,22744,22744,22744,22744,22744,256304,256304,256304,256304,256304,256304
uct-subprob,1,3152.27,3166.30,3154.25,3141.01,3152.97,3155.61,83683,83683,83683,83683,83683,83683,0.00,0.02,1666,1666,1666,1666,1666,1666,2003,2003,2003,2003,2003,2003,9427,9427,9427,9427,9427,9427
uct-subprob,2,3782.02,3745.14,3698.96,3693.99,3729.53,3731.51,111971,111971,111971,111971,111971,111971,0.00,0.02,1666,1666,1666,1666,1666,1666,2003,2003,2003,2003,2003,2003,9427,9427,9427,9427,9427,9427
uct-subprob,3,4292.64,4258.01,4302.17,4262.37,4342.49,4326.65,121971,121971,121971,121971,121971,121971,0.00,0.02,1666,1666,1666,1666,1666,1666,2003,2003,2003,2003,2003,2003,9427,9427,9427,9427,9427,9427
uct-subprob,4,3182.89,3196.25,3191.85,3233.38,3226.98,3258.17,86126,86126,86126,86126,86126,86126,0.00,0.02,1666,1666,1666,1666,1666,1666,2003,2003,2003,2003,2003,2003,9427,9427,9427,9427,9427,9427
uct-subprob,5,2650.18,2586.49,2652.98,2612.02,2642.40,2641.86,69846,69846,69846,69846,69846,69846,0.00,0.02,1666,1666,1666,1666,1666,1666,2003,2003,2003,2003,2003,2003,9427,9427,9427,9427,9427,9427
unitcal_7,1,227.68,241.45,226.75,230.67,225.84,185.48,896,327,608,896,896,308,0.06,0.16,36533,36533,36533,36533,36533,36533,19879,19879,19879,19879,19879,19879,97933,97933,97933,97933,97933,97933
unitcal_7,2,158.94,127.98,143.46,168.69,159.23,343.72,310,290,224,310,310,1741,0.14,0.62,36567,36567,36567,36567,36567,36567,19891,19891,19891,19891,19891,19891,98014,98014,98014,98014,98014,98014
unitcal_7,3,149.95,164.73,250.54,144.60,159.87,208.75,255,379,1162,255,255,596,0.16,0.18,36530,36530,36530,36530,36530,36530,19876,19876,19876,19876,19876,19876,97930,97930,97930,97930,97930,97930
unitcal_7,4,169.46,161.67,174.92,174.18,172.16,137.53,319,438,461,319,319,164,0.15,0.17,36555,36555,36555,36555,36555,36555,19886,19886,19886,19886,19886,19886,97987,97987,97987,97987,97987,97987
unitcal_7,5,185.74,144.26,155.78,186.15,184.96,111.52,283,341,444,283,283,136,0.14,0.58,36576,36576,36576,36576,36576,36576,19895,19895,19895,19895,19895,19895,98037,98037,98037,98037,98037,98037
var-smallemery-m6j6,1,7200.01,7200.01,7200.01,7200.01,7200.02,7200.01,242717,265222,186448,244930,246441,182726,0.38,0.54,8044,8044,8044,8044,8044,8044,2863,2863,2863,2863,2863,2863,445729,445729,445729,445729,445729,445729
var-smallemery-m6j6,2,7200.02,7200.04,7200.01,7200.02,7200.01,7200.01,193492,202099,169200,207922,197333,174048,0.26,0.67,8044,8044,8044,8044,8044,8044,2863,2863,2863,2863,2863,2863,445729,445729,445729,445729,445729,445729
var-smallemery-m6j6,3,7200.02,7200.05,7200.01,7200.01,7200.01,7200.01,185237,170835,181195,181824,175134,181132,0.34,0.57,8044,8044,8044,8044,8044,8044,2863,2863,2863,2863,2863,2863,445729,445729,445729,445729,445729,445729
var-smallemery-m6j6,4,7200.03,7200.01,7200.02,7200.01,7200.02,7200.02,311501,240308,202347,231281,231552,201176,0.30,0.51,8044,8044,8044,8044,8044,8044,2863,2863,2863,2863,2863,2863,445729,445729,445729,445729,445729,445729
var-smallemery-m6j6,5,7200.01,7200.02,7200.01,7200.02,7200.07,7200.01,194663,194411,207116,183279,174406,244799,0.30,0.56,8044,8044,8044,8044,8044,8044,2863,2863,2863,2863,2863,2863,445729,445729,445729,445729,445729,445729
wachplan,1,1220.95,1218.35,656.73,1222.15,1216.52,646.58,144569,144569,70663,144569,144569,70663,0.06,0.38,650,650,650,650,650,650,2288,2288,2288,2288,2288,2288,12024,12024,12024,12024,12024,12024
wachplan,2,418.83,410.85,984.56,422.15,420.51,1005.29,43192,43192,107811,43192,43192,107811,0.05,0.29,650,650,650,650,650,650,2288,2288,2288,2288,2288,2288,12024,12024,12024,12024,12024,12024
wachplan,3,321.63,326.14,537.39,332.65,332.92,541.68,25059,25059,59645,25059,25059,59645,0.02,0.22,650,650,650,650,650,650,2288,2288,2288,2288,2288,2288,12024,12024,12024,12024,12024,12024
wachplan,4,449.59,445.21,1342.54,443.55,448.27,1357.02,47861,47861,158123,47861,47861,158123,0.07,0.15,650,650,650,650,650,650,2288,2288,2288,2288,2288,2288,12024,12024,12024,12024,12024,12024
wachplan,5,414.02,410.17,1231.84,545.89,546.39,1244.28,45403,45403,133850,53663,53663,133850,0.07,0.27,650,650,650,650,650,650,2288,2288,2288,2288,2288,2288,12024,12024,12024,12024,12024,12024
